[INFO] Scanning for projects...
[INFO] 
[INFO] ------------------------< com.carpool:backend >-------------------------
[INFO] Building carpool-backend 0.0.1-SNAPSHOT
[INFO]   from pom.xml
[INFO] --------------------------------[ jar ]---------------------------------
[INFO] 
[INFO] >>> spring-boot:3.3.4:run (default-cli) > test-compile @ backend >>>
[INFO] 
[INFO] --- resources:3.3.1:resources (default-resources) @ backend ---
[INFO] Copying 4 resources from src\main\resources to target\classes
[INFO] Copying 30 resources from src\main\resources to target\classes
[INFO] 
[INFO] --- compiler:3.13.0:compile (default-compile) @ backend ---
[INFO] Nothing to compile - all classes are up to date.
[INFO] 
[INFO] --- resources:3.3.1:testResources (default-testResources) @ backend ---
[INFO] skip non existing resourceDirectory D:\Project\GIT SOURCE\latest\28082026\backend\src\test\resources
[INFO] 
[INFO] --- compiler:3.13.0:testCompile (default-testCompile) @ backend ---
[INFO] Nothing to compile - all classes are up to date.
[INFO] 
[INFO] <<< spring-boot:3.3.4:run (default-cli) < test-compile @ backend <<<
[INFO] 
[INFO] 
[INFO] --- spring-boot:3.3.4:run (default-cli) @ backend ---
[INFO] Attaching agents: []
Standard Commons Logging discovery in action with spring-jcl: please remove commons-logging.jar from classpath in order to avoid potential conflicts

  .   ____          _            __ _ _
 /\\ / ___'_ __ _ _(_)_ __  __ _ \ \ \ \
( ( )\___ | '_ | '_| | '_ \/ _` | \ \ \ \
 \\/  ___)| |_)| | | | | || (_| |  ) ) ) )
  '  |____| .__|_| |_|_| |_\__, | / / / /
 =========|_|==============|___/=/_/_/_/

 :: Spring Boot ::                (v3.3.4)

{"timestamp":"2026-08-31T02:01:34.630+05:30","level":"INFO","thread":"main","logger":"com.carpool.CarpoolBackendApplication","message":"Starting CarpoolBackendApplication using Java 17.0.12 with PID 28164 (D:\Project\GIT SOURCE\latest\28082026\backend\target\classes started by AKumaresh in D:\Project\GIT SOURCE\latest\28082026\backend)"}
{"timestamp":"2026-08-31T02:01:34.635+05:30","level":"INFO","thread":"main","logger":"com.carpool.CarpoolBackendApplication","message":"No active profile set, falling back to 1 default profile: "default""}
{"timestamp":"2026-08-31T02:01:35.981+05:30","level":"INFO","thread":"main","logger":"org.springframework.data.repository.config.RepositoryConfigurationDelegate","message":"Bootstrapping Spring Data JPA repositories in DEFAULT mode."}
{"timestamp":"2026-08-31T02:01:36.639+05:30","level":"INFO","thread":"main","logger":"org.springframework.data.repository.config.RepositoryConfigurationDelegate","message":"Finished Spring Data repository scanning in 628 ms. Found 28 JPA repository interfaces."}
{"timestamp":"2026-08-31T02:01:40.456+05:30","level":"INFO","thread":"main","logger":"org.springframework.boot.web.embedded.tomcat.TomcatWebServer","message":"Tomcat initialized with port 8080 (http)"}
{"timestamp":"2026-08-31T02:01:40.515+05:30","level":"INFO","thread":"main","logger":"org.apache.catalina.core.StandardService","message":"Starting service [Tomcat]"}
{"timestamp":"2026-08-31T02:01:40.526+05:30","level":"INFO","thread":"main","logger":"org.apache.catalina.core.StandardEngine","message":"Starting Servlet engine: [Apache Tomcat/10.1.30]"}
{"timestamp":"2026-08-31T02:01:41.132+05:30","level":"INFO","thread":"main","logger":"org.apache.catalina.core.ContainerBase.[Tomcat].[localhost].[/]","message":"Initializing Spring embedded WebApplicationContext"}
{"timestamp":"2026-08-31T02:01:41.140+05:30","level":"INFO","thread":"main","logger":"org.springframework.boot.web.servlet.context.ServletWebServerApplicationContext","message":"Root WebApplicationContext: initialization completed in 6430 ms"}
Standard Commons Logging discovery in action with spring-jcl: please remove commons-logging.jar from classpath in order to avoid potential conflicts
{"timestamp":"2026-08-31T02:01:42.198+05:30","level":"DEBUG","thread":"main","logger":"com.zaxxer.hikari.HikariConfig","message":"Driver class com.mysql.cj.jdbc.Driver found in Thread context class loader TomcatEmbeddedWebappClassLoader
  context: ROOT
  delegate: true
----------> Parent Classloader:
jdk.internal.loader.ClassLoaders$AppClassLoader@73d16e93
"}
{"timestamp":"2026-08-31T02:01:42.365+05:30","level":"DEBUG","thread":"main","logger":"org.springframework.jdbc.datasource.DataSourceUtils","message":"Fetching JDBC Connection from DataSource"}
{"timestamp":"2026-08-31T02:01:42.370+05:30","level":"DEBUG","thread":"main","logger":"com.zaxxer.hikari.HikariConfig","message":"HikariPool-1 - configuration:"}
{"timestamp":"2026-08-31T02:01:42.382+05:30","level":"DEBUG","thread":"main","logger":"com.zaxxer.hikari.HikariConfig","message":"allowPoolSuspension.............false"}
{"timestamp":"2026-08-31T02:01:42.382+05:30","level":"DEBUG","thread":"main","logger":"com.zaxxer.hikari.HikariConfig","message":"autoCommit......................true"}
{"timestamp":"2026-08-31T02:01:42.382+05:30","level":"DEBUG","thread":"main","logger":"com.zaxxer.hikari.HikariConfig","message":"catalog.........................none"}
{"timestamp":"2026-08-31T02:01:42.382+05:30","level":"DEBUG","thread":"main","logger":"com.zaxxer.hikari.HikariConfig","message":"connectionInitSql...............none"}
{"timestamp":"2026-08-31T02:01:42.394+05:30","level":"DEBUG","thread":"main","logger":"com.zaxxer.hikari.HikariConfig","message":"connectionTestQuery.............none"}
{"timestamp":"2026-08-31T02:01:42.398+05:30","level":"DEBUG","thread":"main","logger":"com.zaxxer.hikari.HikariConfig","message":"connectionTimeout...............30000"}
{"timestamp":"2026-08-31T02:01:42.398+05:30","level":"DEBUG","thread":"main","logger":"com.zaxxer.hikari.HikariConfig","message":"dataSource......................none"}
{"timestamp":"2026-08-31T02:01:42.399+05:30","level":"DEBUG","thread":"main","logger":"com.zaxxer.hikari.HikariConfig","message":"dataSourceClassName.............none"}
{"timestamp":"2026-08-31T02:01:42.399+05:30","level":"DEBUG","thread":"main","logger":"com.zaxxer.hikari.HikariConfig","message":"dataSourceJNDI..................none"}
{"timestamp":"2026-08-31T02:01:42.399+05:30","level":"DEBUG","thread":"main","logger":"com.zaxxer.hikari.HikariConfig","message":"dataSourceProperties............{password=<masked>}"}
{"timestamp":"2026-08-31T02:01:42.410+05:30","level":"DEBUG","thread":"main","logger":"com.zaxxer.hikari.HikariConfig","message":"driverClassName................."com.mysql.cj.jdbc.Driver""}
{"timestamp":"2026-08-31T02:01:42.414+05:30","level":"DEBUG","thread":"main","logger":"com.zaxxer.hikari.HikariConfig","message":"exceptionOverrideClassName......none"}
{"timestamp":"2026-08-31T02:01:42.415+05:30","level":"DEBUG","thread":"main","logger":"com.zaxxer.hikari.HikariConfig","message":"healthCheckProperties...........{}"}
{"timestamp":"2026-08-31T02:01:42.415+05:30","level":"DEBUG","thread":"main","logger":"com.zaxxer.hikari.HikariConfig","message":"healthCheckRegistry.............none"}
{"timestamp":"2026-08-31T02:01:42.415+05:30","level":"DEBUG","thread":"main","logger":"com.zaxxer.hikari.HikariConfig","message":"idleTimeout.....................600000"}
{"timestamp":"2026-08-31T02:01:42.415+05:30","level":"DEBUG","thread":"main","logger":"com.zaxxer.hikari.HikariConfig","message":"initializationFailTimeout.......1"}
{"timestamp":"2026-08-31T02:01:42.426+05:30","level":"DEBUG","thread":"main","logger":"com.zaxxer.hikari.HikariConfig","message":"isolateInternalQueries..........false"}
{"timestamp":"2026-08-31T02:01:42.431+05:30","level":"DEBUG","thread":"main","logger":"com.zaxxer.hikari.HikariConfig","message":"jdbcUrl.........................jdbc:mysql://localhost:3306/carshare"}
{"timestamp":"2026-08-31T02:01:42.431+05:30","level":"DEBUG","thread":"main","logger":"com.zaxxer.hikari.HikariConfig","message":"keepaliveTime...................0"}
{"timestamp":"2026-08-31T02:01:42.431+05:30","level":"DEBUG","thread":"main","logger":"com.zaxxer.hikari.HikariConfig","message":"leakDetectionThreshold..........0"}
{"timestamp":"2026-08-31T02:01:42.431+05:30","level":"DEBUG","thread":"main","logger":"com.zaxxer.hikari.HikariConfig","message":"maxLifetime.....................1800000"}
{"timestamp":"2026-08-31T02:01:42.441+05:30","level":"DEBUG","thread":"main","logger":"com.zaxxer.hikari.HikariConfig","message":"maximumPoolSize.................10"}
{"timestamp":"2026-08-31T02:01:42.443+05:30","level":"DEBUG","thread":"main","logger":"com.zaxxer.hikari.HikariConfig","message":"metricRegistry..................none"}
{"timestamp":"2026-08-31T02:01:42.447+05:30","level":"DEBUG","thread":"main","logger":"com.zaxxer.hikari.HikariConfig","message":"metricsTrackerFactory...........none"}
{"timestamp":"2026-08-31T02:01:42.448+05:30","level":"DEBUG","thread":"main","logger":"com.zaxxer.hikari.HikariConfig","message":"minimumIdle.....................10"}
{"timestamp":"2026-08-31T02:01:42.450+05:30","level":"DEBUG","thread":"main","logger":"com.zaxxer.hikari.HikariConfig","message":"password........................<masked>"}
{"timestamp":"2026-08-31T02:01:42.450+05:30","level":"DEBUG","thread":"main","logger":"com.zaxxer.hikari.HikariConfig","message":"poolName........................"HikariPool-1""}
{"timestamp":"2026-08-31T02:01:42.450+05:30","level":"DEBUG","thread":"main","logger":"com.zaxxer.hikari.HikariConfig","message":"readOnly........................false"}
{"timestamp":"2026-08-31T02:01:42.458+05:30","level":"DEBUG","thread":"main","logger":"com.zaxxer.hikari.HikariConfig","message":"registerMbeans..................false"}
{"timestamp":"2026-08-31T02:01:42.460+05:30","level":"DEBUG","thread":"main","logger":"com.zaxxer.hikari.HikariConfig","message":"scheduledExecutor...............none"}
{"timestamp":"2026-08-31T02:01:42.463+05:30","level":"DEBUG","thread":"main","logger":"com.zaxxer.hikari.HikariConfig","message":"schema..........................none"}
{"timestamp":"2026-08-31T02:01:42.464+05:30","level":"DEBUG","thread":"main","logger":"com.zaxxer.hikari.HikariConfig","message":"threadFactory...................internal"}
{"timestamp":"2026-08-31T02:01:42.465+05:30","level":"DEBUG","thread":"main","logger":"com.zaxxer.hikari.HikariConfig","message":"transactionIsolation............default"}
{"timestamp":"2026-08-31T02:01:42.467+05:30","level":"DEBUG","thread":"main","logger":"com.zaxxer.hikari.HikariConfig","message":"username........................"root""}
{"timestamp":"2026-08-31T02:01:42.467+05:30","level":"DEBUG","thread":"main","logger":"com.zaxxer.hikari.HikariConfig","message":"validationTimeout...............5000"}
{"timestamp":"2026-08-31T02:01:42.467+05:30","level":"INFO","thread":"main","logger":"com.zaxxer.hikari.HikariDataSource","message":"HikariPool-1 - Starting..."}
{"timestamp":"2026-08-31T02:01:43.600+05:30","level":"INFO","thread":"main","logger":"com.zaxxer.hikari.pool.HikariPool","message":"HikariPool-1 - Added connection com.mysql.cj.jdbc.ConnectionImpl@3275a47f"}
{"timestamp":"2026-08-31T02:01:43.613+05:30","level":"INFO","thread":"main","logger":"com.zaxxer.hikari.HikariDataSource","message":"HikariPool-1 - Start completed."}
{"timestamp":"2026-08-31T02:01:43.713+05:30","level":"DEBUG","thread":"HikariPool-1 housekeeper","logger":"com.zaxxer.hikari.pool.HikariPool","message":"HikariPool-1 - Pool stats (total=1, active=0, idle=1, waiting=0)"}
{"timestamp":"2026-08-31T02:01:43.788+05:30","level":"DEBUG","thread":"HikariPool-1 connection adder","logger":"com.zaxxer.hikari.pool.HikariPool","message":"HikariPool-1 - Added connection com.mysql.cj.jdbc.ConnectionImpl@65eaec1e"}
{"timestamp":"2026-08-31T02:01:43.824+05:30","level":"DEBUG","thread":"HikariPool-1 connection adder","logger":"com.zaxxer.hikari.pool.HikariPool","message":"HikariPool-1 - After adding stats (total=2, active=0, idle=2, waiting=0)"}
{"timestamp":"2026-08-31T02:01:43.879+05:30","level":"DEBUG","thread":"HikariPool-1 connection adder","logger":"com.zaxxer.hikari.pool.HikariPool","message":"HikariPool-1 - Added connection com.mysql.cj.jdbc.ConnectionImpl@5c51351"}
{"timestamp":"2026-08-31T02:01:43.912+05:30","level":"DEBUG","thread":"HikariPool-1 connection adder","logger":"com.zaxxer.hikari.pool.HikariPool","message":"HikariPool-1 - After adding stats (total=3, active=0, idle=3, waiting=0)"}
{"timestamp":"2026-08-31T02:01:44.013+05:30","level":"DEBUG","thread":"HikariPool-1 connection adder","logger":"com.zaxxer.hikari.pool.HikariPool","message":"HikariPool-1 - Added connection com.mysql.cj.jdbc.ConnectionImpl@77c2b647"}
{"timestamp":"2026-08-31T02:01:44.060+05:30","level":"DEBUG","thread":"HikariPool-1 connection adder","logger":"com.zaxxer.hikari.pool.HikariPool","message":"HikariPool-1 - After adding stats (total=4, active=0, idle=4, waiting=0)"}
{"timestamp":"2026-08-31T02:01:44.085+05:30","level":"INFO","thread":"main","logger":"org.hibernate.jpa.internal.util.LogHelper","message":"HHH000204: Processing PersistenceUnitInfo [name: default]"}
{"timestamp":"2026-08-31T02:01:44.124+05:30","level":"DEBUG","thread":"HikariPool-1 connection adder","logger":"com.zaxxer.hikari.pool.HikariPool","message":"HikariPool-1 - Added connection com.mysql.cj.jdbc.ConnectionImpl@18bea35"}
{"timestamp":"2026-08-31T02:01:44.165+05:30","level":"DEBUG","thread":"HikariPool-1 connection adder","logger":"com.zaxxer.hikari.pool.HikariPool","message":"HikariPool-1 - After adding stats (total=5, active=0, idle=5, waiting=0)"}
{"timestamp":"2026-08-31T02:01:44.233+05:30","level":"DEBUG","thread":"HikariPool-1 connection adder","logger":"com.zaxxer.hikari.pool.HikariPool","message":"HikariPool-1 - Added connection com.mysql.cj.jdbc.ConnectionImpl@37e0bd30"}
{"timestamp":"2026-08-31T02:01:44.275+05:30","level":"DEBUG","thread":"HikariPool-1 connection adder","logger":"com.zaxxer.hikari.pool.HikariPool","message":"HikariPool-1 - After adding stats (total=6, active=0, idle=6, waiting=0)"}
{"timestamp":"2026-08-31T02:01:44.323+05:30","level":"DEBUG","thread":"HikariPool-1 connection adder","logger":"com.zaxxer.hikari.pool.HikariPool","message":"HikariPool-1 - Added connection com.mysql.cj.jdbc.ConnectionImpl@ca33034"}
{"timestamp":"2026-08-31T02:01:44.362+05:30","level":"DEBUG","thread":"HikariPool-1 connection adder","logger":"com.zaxxer.hikari.pool.HikariPool","message":"HikariPool-1 - After adding stats (total=7, active=0, idle=7, waiting=0)"}
{"timestamp":"2026-08-31T02:01:44.380+05:30","level":"INFO","thread":"main","logger":"org.hibernate.Version","message":"HHH000412: Hibernate ORM core version 6.5.3.Final"}
{"timestamp":"2026-08-31T02:01:44.415+05:30","level":"DEBUG","thread":"HikariPool-1 connection adder","logger":"com.zaxxer.hikari.pool.HikariPool","message":"HikariPool-1 - Added connection com.mysql.cj.jdbc.ConnectionImpl@79675570"}
{"timestamp":"2026-08-31T02:01:44.457+05:30","level":"DEBUG","thread":"HikariPool-1 connection adder","logger":"com.zaxxer.hikari.pool.HikariPool","message":"HikariPool-1 - After adding stats (total=8, active=0, idle=8, waiting=0)"}
{"timestamp":"2026-08-31T02:01:44.512+05:30","level":"DEBUG","thread":"HikariPool-1 connection adder","logger":"com.zaxxer.hikari.pool.HikariPool","message":"HikariPool-1 - Added connection com.mysql.cj.jdbc.ConnectionImpl@30847a2"}
{"timestamp":"2026-08-31T02:01:44.548+05:30","level":"INFO","thread":"main","logger":"org.hibernate.cache.internal.RegionFactoryInitiator","message":"HHH000026: Second-level cache disabled"}
{"timestamp":"2026-08-31T02:01:44.559+05:30","level":"DEBUG","thread":"HikariPool-1 connection adder","logger":"com.zaxxer.hikari.pool.HikariPool","message":"HikariPool-1 - After adding stats (total=9, active=0, idle=9, waiting=0)"}
{"timestamp":"2026-08-31T02:01:44.615+05:30","level":"DEBUG","thread":"HikariPool-1 connection adder","logger":"com.zaxxer.hikari.pool.HikariPool","message":"HikariPool-1 - Added connection com.mysql.cj.jdbc.ConnectionImpl@68338fdf"}
{"timestamp":"2026-08-31T02:01:44.662+05:30","level":"DEBUG","thread":"HikariPool-1 connection adder","logger":"com.zaxxer.hikari.pool.HikariPool","message":"HikariPool-1 - After adding stats (total=10, active=0, idle=10, waiting=0)"}
{"timestamp":"2026-08-31T02:01:45.883+05:30","level":"INFO","thread":"main","logger":"org.springframework.orm.jpa.persistenceunit.SpringPersistenceUnitInfo","message":"No LoadTimeWeaver setup: ignoring JPA class transformer"}
{"timestamp":"2026-08-31T02:01:46.332+05:30","level":"WARN","thread":"main","logger":"org.hibernate.orm.incubating","message":"HHH90006001: Encountered incubating setting [hibernate.type.preferred_uuid_jdbc_type].  See javadoc on corresponding `org.hibernate.cfg.AvailableSettings` constant for details."}
{"timestamp":"2026-08-31T02:01:48.015+05:30","level":"WARN","thread":"main","logger":"org.hibernate.orm.incubating","message":"HHH90006001: Encountered incubating setting [hibernate.type.preferred_uuid_jdbc_type].  See javadoc on corresponding `org.hibernate.cfg.AvailableSettings` constant for details."}
{"timestamp":"2026-08-31T02:01:53.225+05:30","level":"INFO","thread":"main","logger":"org.hibernate.engine.transaction.jta.platform.internal.JtaPlatformInitiator","message":"HHH000489: No JTA platform available (set 'hibernate.transaction.jta.platform' to enable JTA platform integration)"}
{"timestamp":"2026-08-31T02:01:53.448+05:30","level":"DEBUG","thread":"main","logger":"org.hibernate.SQL","message":"
    alter table bookings 
       modify column cancelled_by enum ('ADMIN','OWNER','PASSENGER','SYSTEM')"}
Hibernate: 
    alter table bookings 
       modify column cancelled_by enum ('ADMIN','OWNER','PASSENGER','SYSTEM')
{"timestamp":"2026-08-31T02:01:53.495+05:30","level":"DEBUG","thread":"main","logger":"org.hibernate.SQL","message":"
    alter table bookings 
       modify column status enum ('ACCEPTED','CANCELLED','COMPLETED','EXPIRED','PENDING','REJECTED') not null"}
Hibernate: 
    alter table bookings 
       modify column status enum ('ACCEPTED','CANCELLED','COMPLETED','EXPIRED','PENDING','REJECTED') not null
{"timestamp":"2026-08-31T02:01:53.530+05:30","level":"DEBUG","thread":"main","logger":"org.hibernate.SQL","message":"
    alter table didit_review_audit_logs 
       modify column action enum ('APPROVED','COMMENTED','DECLINED','DOCUMENT_DOWNLOADED','RESUBMITTED','STATUS_CHECKED','VIEWED') not null"}
Hibernate: 
    alter table didit_review_audit_logs 
       modify column action enum ('APPROVED','COMMENTED','DECLINED','DOCUMENT_DOWNLOADED','RESUBMITTED','STATUS_CHECKED','VIEWED') not null
{"timestamp":"2026-08-31T02:01:53.559+05:30","level":"DEBUG","thread":"main","logger":"org.hibernate.SQL","message":"
    alter table didit_review_audit_logs 
       modify column action_detail LONGTEXT"}
Hibernate: 
    alter table didit_review_audit_logs 
       modify column action_detail LONGTEXT
{"timestamp":"2026-08-31T02:01:53.591+05:30","level":"DEBUG","thread":"main","logger":"org.hibernate.SQL","message":"
    alter table didit_sessions 
       modify column user_role enum ('ADMIN','OWNER','PASSENGER') not null"}
Hibernate: 
    alter table didit_sessions 
       modify column user_role enum ('ADMIN','OWNER','PASSENGER') not null
{"timestamp":"2026-08-31T02:01:53.615+05:30","level":"DEBUG","thread":"main","logger":"org.hibernate.SQL","message":"
    alter table didit_verification_audit 
       modify column status enum ('APPROVED','INITIATED','IN_REVIEW','NOT_STARTED','PENDING','PENDING_VERIFICATION','REJECTED','UNDER_REVIEW','UNVERIFIED','VERIFIED') not null"}
Hibernate: 
    alter table didit_verification_audit 
       modify column status enum ('APPROVED','INITIATED','IN_REVIEW','NOT_STARTED','PENDING','PENDING_VERIFICATION','REJECTED','UNDER_REVIEW','UNVERIFIED','VERIFIED') not null
{"timestamp":"2026-08-31T02:01:53.648+05:30","level":"DEBUG","thread":"main","logger":"org.hibernate.SQL","message":"
    alter table didit_verification_audit 
       modify column user_role enum ('ADMIN','OWNER','PASSENGER') not null"}
Hibernate: 
    alter table didit_verification_audit 
       modify column user_role enum ('ADMIN','OWNER','PASSENGER') not null
{"timestamp":"2026-08-31T02:01:53.681+05:30","level":"DEBUG","thread":"main","logger":"org.hibernate.SQL","message":"
    alter table didit_verification_documents 
       modify column document_side enum ('BACK','FRONT','SELFIE') not null"}
Hibernate: 
    alter table didit_verification_documents 
       modify column document_side enum ('BACK','FRONT','SELFIE') not null
{"timestamp":"2026-08-31T02:01:53.715+05:30","level":"DEBUG","thread":"main","logger":"org.hibernate.SQL","message":"
    alter table didit_verification_documents 
       modify column processed_data LONGTEXT"}
Hibernate: 
    alter table didit_verification_documents 
       modify column processed_data LONGTEXT
{"timestamp":"2026-08-31T02:01:53.742+05:30","level":"DEBUG","thread":"main","logger":"org.hibernate.SQL","message":"
    alter table didit_verification_events 
       modify column event_data LONGTEXT"}
Hibernate: 
    alter table didit_verification_events 
       modify column event_data LONGTEXT
{"timestamp":"2026-08-31T02:01:53.816+05:30","level":"DEBUG","thread":"main","logger":"org.hibernate.SQL","message":"
    alter table didit_verification_events 
       modify column event_type enum ('ADMIN_APPROVED','ADMIN_DECLINED','ADMIN_VIEWED','APPROVED','DECLINED','ERROR','EXPIRED','RESUBMISSION_REQUESTED','RESUBMITTED','SUBMITTED','UNDER_REVIEW','VERIFICATION_CREATED','WEBHOOK_RECEIVED') not null"}
Hibernate: 
    alter table didit_verification_events 
       modify column event_type enum ('ADMIN_APPROVED','ADMIN_DECLINED','ADMIN_VIEWED','APPROVED','DECLINED','ERROR','EXPIRED','RESUBMISSION_REQUESTED','RESUBMITTED','SUBMITTED','UNDER_REVIEW','VERIFICATION_CREATED','WEBHOOK_RECEIVED') not null
{"timestamp":"2026-08-31T02:01:53.865+05:30","level":"DEBUG","thread":"main","logger":"org.hibernate.SQL","message":"
    alter table didit_verifications 
       modify column approval_comment LONGTEXT"}
Hibernate: 
    alter table didit_verifications 
       modify column approval_comment LONGTEXT
{"timestamp":"2026-08-31T02:01:53.916+05:30","level":"DEBUG","thread":"main","logger":"org.hibernate.SQL","message":"
    alter table didit_verifications 
       modify column approval_status enum ('APPROVED','DECLINED','PENDING')"}
Hibernate: 
    alter table didit_verifications 
       modify column approval_status enum ('APPROVED','DECLINED','PENDING')
{"timestamp":"2026-08-31T02:01:53.957+05:30","level":"DEBUG","thread":"main","logger":"org.hibernate.SQL","message":"
    alter table didit_verifications 
       modify column current_status enum ('APPROVED','DECLINED','PENDING','RESUBMISSION_REQUESTED','UNDER_REVIEW') not null"}
Hibernate: 
    alter table didit_verifications 
       modify column current_status enum ('APPROVED','DECLINED','PENDING','RESUBMISSION_REQUESTED','UNDER_REVIEW') not null
{"timestamp":"2026-08-31T02:01:53.998+05:30","level":"DEBUG","thread":"main","logger":"org.hibernate.SQL","message":"
    alter table didit_verifications 
       modify column ocr_data LONGTEXT"}
Hibernate: 
    alter table didit_verifications 
       modify column ocr_data LONGTEXT
{"timestamp":"2026-08-31T02:01:54.049+05:30","level":"DEBUG","thread":"main","logger":"org.hibernate.SQL","message":"
    alter table didit_verifications 
       modify column resubmission_reason LONGTEXT"}
Hibernate: 
    alter table didit_verifications 
       modify column resubmission_reason LONGTEXT
{"timestamp":"2026-08-31T02:01:54.099+05:30","level":"DEBUG","thread":"main","logger":"org.hibernate.SQL","message":"
    alter table didit_verifications 
       modify column risk_flags LONGTEXT"}
Hibernate: 
    alter table didit_verifications 
       modify column risk_flags LONGTEXT
{"timestamp":"2026-08-31T02:01:54.141+05:30","level":"DEBUG","thread":"main","logger":"org.hibernate.SQL","message":"
    alter table didit_verifications 
       modify column verification_warnings LONGTEXT"}
Hibernate: 
    alter table didit_verifications 
       modify column verification_warnings LONGTEXT
{"timestamp":"2026-08-31T02:01:54.197+05:30","level":"DEBUG","thread":"main","logger":"org.hibernate.SQL","message":"
    alter table didit_webhook_events 
       modify column event_payload LONGTEXT not null"}
Hibernate: 
    alter table didit_webhook_events 
       modify column event_payload LONGTEXT not null
{"timestamp":"2026-08-31T02:01:54.234+05:30","level":"DEBUG","thread":"main","logger":"org.hibernate.SQL","message":"
    alter table didit_webhook_events 
       modify column event_type enum ('APPROVED','DECLINED','EXPIRED','IN_REVIEW','RESUBMITTED') not null"}
Hibernate: 
    alter table didit_webhook_events 
       modify column event_type enum ('APPROVED','DECLINED','EXPIRED','IN_REVIEW','RESUBMITTED') not null
{"timestamp":"2026-08-31T02:01:54.266+05:30","level":"DEBUG","thread":"main","logger":"org.hibernate.SQL","message":"
    alter table didit_webhook_events 
       modify column last_error LONGTEXT"}
Hibernate: 
    alter table didit_webhook_events 
       modify column last_error LONGTEXT
{"timestamp":"2026-08-31T02:01:54.299+05:30","level":"DEBUG","thread":"main","logger":"org.hibernate.SQL","message":"
    alter table didit_webhook_events 
       modify column processing_status enum ('COMPLETED','FAILED','PENDING','PROCESSING') not null"}
Hibernate: 
    alter table didit_webhook_events 
       modify column processing_status enum ('COMPLETED','FAILED','PENDING','PROCESSING') not null
{"timestamp":"2026-08-31T02:01:54.341+05:30","level":"DEBUG","thread":"main","logger":"org.hibernate.SQL","message":"
    alter table kyc_documents 
       modify column type enum ('GOVERNMENT_ID','PROFILE_PHOTO') not null"}
Hibernate: 
    alter table kyc_documents 
       modify column type enum ('GOVERNMENT_ID','PROFILE_PHOTO') not null
{"timestamp":"2026-08-31T02:01:54.365+05:30","level":"DEBUG","thread":"main","logger":"org.hibernate.SQL","message":"
    alter table notifications 
       modify column type enum ('BIRTHDAY_GREETING','BOOKING_ACCEPTED','BOOKING_PENDING','BOOKING_REJECTED','GOVERNMENT_HOLIDAY_GREETING','KYC_VERIFICATION_RESULT','NEW_BOOKING_REQUEST','OWNER_RIDE_CANCELLATION','PASSENGER_CANCELLATION','RATING_AVAILABLE','RATING_RECEIVED','RIDE_COMPLETION','RIDE_CREATED','RIDE_POSTED','SUBSCRIPTION_PAYMENT_FAILURE','SUBSCRIPTION_PAYMENT_SUCCESS','SUBSCRIPTION_PENDING','TICKET_RAISED','TICKET_RESOLVED') not null"}
Hibernate: 
    alter table notifications 
       modify column type enum ('BIRTHDAY_GREETING','BOOKING_ACCEPTED','BOOKING_PENDING','BOOKING_REJECTED','GOVERNMENT_HOLIDAY_GREETING','KYC_VERIFICATION_RESULT','NEW_BOOKING_REQUEST','OWNER_RIDE_CANCELLATION','PASSENGER_CANCELLATION','RATING_AVAILABLE','RATING_RECEIVED','RIDE_COMPLETION','RIDE_CREATED','RIDE_POSTED','SUBSCRIPTION_PAYMENT_FAILURE','SUBSCRIPTION_PAYMENT_SUCCESS','SUBSCRIPTION_PENDING','TICKET_RAISED','TICKET_RESOLVED') not null
{"timestamp":"2026-08-31T02:01:54.399+05:30","level":"DEBUG","thread":"main","logger":"org.hibernate.SQL","message":"
    alter table rides 
       modify column pricing_type enum ('FIXED','SEGMENTED') not null"}
Hibernate: 
    alter table rides 
       modify column pricing_type enum ('FIXED','SEGMENTED') not null
{"timestamp":"2026-08-31T02:01:54.449+05:30","level":"DEBUG","thread":"main","logger":"org.hibernate.SQL","message":"
    alter table rides 
       modify column status enum ('ACTIVE','CANCELLED','COMPLETED') not null"}
Hibernate: 
    alter table rides 
       modify column status enum ('ACTIVE','CANCELLED','COMPLETED') not null
{"timestamp":"2026-08-31T02:01:54.515+05:30","level":"DEBUG","thread":"main","logger":"org.hibernate.SQL","message":"
    alter table subscriptions 
       modify column provider enum ('MOCK','RAZORPAY') not null"}
Hibernate: 
    alter table subscriptions 
       modify column provider enum ('MOCK','RAZORPAY') not null
{"timestamp":"2026-08-31T02:01:54.549+05:30","level":"DEBUG","thread":"main","logger":"org.hibernate.SQL","message":"
    alter table subscriptions 
       modify column status enum ('CREATED','EXPIRED','FAILED','INACTIVE','PAID','PENDING','REFUNDED','REJECTED','VERIFICATION_IN_PROGRESS') not null"}
Hibernate: 
    alter table subscriptions 
       modify column status enum ('CREATED','EXPIRED','FAILED','INACTIVE','PAID','PENDING','REFUNDED','REJECTED','VERIFICATION_IN_PROGRESS') not null
{"timestamp":"2026-08-31T02:01:54.583+05:30","level":"DEBUG","thread":"main","logger":"org.hibernate.SQL","message":"
    alter table users 
       modify column didit_status enum ('APPROVED','INITIATED','IN_REVIEW','NOT_STARTED','PENDING','PENDING_VERIFICATION','REJECTED','UNDER_REVIEW','UNVERIFIED','VERIFIED')"}
Hibernate: 
    alter table users 
       modify column didit_status enum ('APPROVED','INITIATED','IN_REVIEW','NOT_STARTED','PENDING','PENDING_VERIFICATION','REJECTED','UNDER_REVIEW','UNVERIFIED','VERIFIED')
{"timestamp":"2026-08-31T02:01:54.814+05:30","level":"DEBUG","thread":"main","logger":"org.hibernate.SQL","message":"
    alter table users 
       modify column registration_stage enum ('BASIC_DETAILS_COMPLETED','DOCUMENT_VERIFIED','OTP_VERIFIED','PAYMENT_SUBMITTED','PROFILE_PHOTO_COMPLETED','REGISTRATION_COMPLETED','SUBSCRIPTION_SELECTED','USER_TYPE_SELECTED')"}
Hibernate: 
    alter table users 
       modify column registration_stage enum ('BASIC_DETAILS_COMPLETED','DOCUMENT_VERIFIED','OTP_VERIFIED','PAYMENT_SUBMITTED','PROFILE_PHOTO_COMPLETED','REGISTRATION_COMPLETED','SUBSCRIPTION_SELECTED','USER_TYPE_SELECTED')
{"timestamp":"2026-08-31T02:01:54.949+05:30","level":"DEBUG","thread":"main","logger":"org.hibernate.SQL","message":"
    alter table users 
       modify column registration_type enum ('OWNER','PASSENGER')"}
Hibernate: 
    alter table users 
       modify column registration_type enum ('OWNER','PASSENGER')
{"timestamp":"2026-08-31T02:01:55.099+05:30","level":"DEBUG","thread":"main","logger":"org.hibernate.SQL","message":"
    alter table users 
       modify column role enum ('ADMIN','OWNER','PASSENGER') not null"}
Hibernate: 
    alter table users 
       modify column role enum ('ADMIN','OWNER','PASSENGER') not null
{"timestamp":"2026-08-31T02:01:55.232+05:30","level":"DEBUG","thread":"main","logger":"org.hibernate.SQL","message":"
    alter table users 
       modify column subscription_status enum ('CREATED','EXPIRED','FAILED','INACTIVE','PAID','PENDING','REFUNDED','REJECTED','VERIFICATION_IN_PROGRESS')"}
Hibernate: 
    alter table users 
       modify column subscription_status enum ('CREATED','EXPIRED','FAILED','INACTIVE','PAID','PENDING','REFUNDED','REJECTED','VERIFICATION_IN_PROGRESS')
{"timestamp":"2026-08-31T02:01:55.399+05:30","level":"DEBUG","thread":"main","logger":"org.hibernate.SQL","message":"
    alter table users 
       modify column verification_status enum ('APPROVED','INITIATED','IN_REVIEW','NOT_STARTED','PENDING','PENDING_VERIFICATION','REJECTED','UNDER_REVIEW','UNVERIFIED','VERIFIED') not null"}
Hibernate: 
    alter table users 
       modify column verification_status enum ('APPROVED','INITIATED','IN_REVIEW','NOT_STARTED','PENDING','PENDING_VERIFICATION','REJECTED','UNDER_REVIEW','UNVERIFIED','VERIFIED') not null
{"timestamp":"2026-08-31T02:01:56.149+05:30","level":"INFO","thread":"main","logger":"org.springframework.orm.jpa.LocalContainerEntityManagerFactoryBean","message":"Initialized JPA EntityManagerFactory for persistence unit 'default'"}
{"timestamp":"2026-08-31T02:01:58.200+05:30","level":"DEBUG","thread":"main","logger":"org.springframework.jdbc.datasource.DataSourceUtils","message":"Setting JDBC Connection [HikariProxyConnection@1527911803 wrapping com.mysql.cj.jdbc.ConnectionImpl@3275a47f] read-only"}
{"timestamp":"2026-08-31T02:01:59.239+05:30","level":"DEBUG","thread":"main","logger":"org.hibernate.SQL","message":"
    select
        count(*) 
    from
        locations l1_0"}
Hibernate: 
    select
        count(*) 
    from
        locations l1_0
{"timestamp":"2026-08-31T02:01:59.333+05:30","level":"DEBUG","thread":"main","logger":"org.springframework.jdbc.datasource.DataSourceUtils","message":"Resetting read-only flag of JDBC Connection [HikariProxyConnection@1527911803 wrapping com.mysql.cj.jdbc.ConnectionImpl@3275a47f]"}
{"timestamp":"2026-08-31T02:02:00.107+05:30","level":"INFO","thread":"main","logger":"org.springframework.data.jpa.repository.query.QueryEnhancerFactory","message":"Hibernate is in classpath; If applicable, HQL parser will be used."}
{"timestamp":"2026-08-31T02:02:02.081+05:30","level":"INFO","thread":"main","logger":"com.carpool.service.DiditIntegrationService","message":"Didit integration v2 loaded: baseUrl=https://verification.didit.me, workflowConfigured=true, apiKeyConfigured=true"}
{"timestamp":"2026-08-31T02:02:03.110+05:30","level":"INFO","thread":"main","logger":"com.carpool.config.FirebaseConfiguration","message":"Loading Firebase credentials from D:\Project\GIT SOURCE\latest\28082026\backend\firebase-service-account.json"}
{"timestamp":"2026-08-31T02:02:03.517+05:30","level":"INFO","thread":"main","logger":"com.carpool.config.FirebaseConfiguration","message":"Firebase Admin initialized successfully for project: null"}
{"timestamp":"2026-08-31T02:02:04.464+05:30","level":"INFO","thread":"main","logger":"org.springframework.security.config.annotation.authentication.configuration.InitializeAuthenticationProviderBeanManagerConfigurer$InitializeAuthenticationProviderManagerConfigurer","message":"Global AuthenticationManager configured with AuthenticationProvider bean with name authenticationProvider"}
{"timestamp":"2026-08-31T02:02:04.472+05:30","level":"WARN","thread":"main","logger":"org.springframework.security.config.annotation.authentication.configuration.InitializeUserDetailsBeanManagerConfigurer$InitializeUserDetailsManagerConfigurer","message":"Global AuthenticationManager configured with an AuthenticationProvider bean. UserDetailsService beans will not be used for username/password login. Consider removing the AuthenticationProvider bean. Alternatively, consider using the UserDetailsService in a manually instantiated DaoAuthenticationProvider."}
{"timestamp":"2026-08-31T02:02:06.427+05:30","level":"INFO","thread":"main","logger":"org.springframework.boot.actuate.endpoint.web.EndpointLinksResolver","message":"Exposing 1 endpoint beneath base path '/actuator'"}
{"timestamp":"2026-08-31T02:02:09.820+05:30","level":"INFO","thread":"main","logger":"org.springframework.boot.web.embedded.tomcat.TomcatWebServer","message":"Tomcat started on port 8080 (http) with context path '/'"}
{"timestamp":"2026-08-31T02:02:09.902+05:30","level":"INFO","thread":"main","logger":"com.carpool.CarpoolBackendApplication","message":"Started CarpoolBackendApplication in 35.821 seconds (process running for 36.67)"}
{"timestamp":"2026-08-31T02:02:10.049+05:30","level":"DEBUG","thread":"scheduling-1","logger":"org.hibernate.SQL","message":"
    select
        s1_0.id,
        s1_0.amount,
        s1_0.created_at,
        s1_0.currency,
        s1_0.expires_at,
        s1_0.owner_id,
        o1_0.id,
        o1_0.average_rating,
        o1_0.created_at,
        o1_0.mobile,
        o1_0.name,
        o1_0.preferences,
        o1_0.profile_photo_url,
        o1_0.ratings_count,
        o1_0.updated_at,
        o1_0.user_id,
        u1_0.id,
        u1_0.active,
        u1_0.age,
        u1_0.created_at,
        u1_0.current_onboarding_step,
        u1_0.date_of_birth,
        u1_0.didit_last_checked_at,
        u1_0.didit_session_id,
        u1_0.didit_status,
        u1_0.didit_verification_id,
        u1_0.failed_otp_attempts,
        u1_0.firebase_uid,
        u1_0.full_name,
        u1_0.gender,
        u1_0.is_kyc_verified,
        u1_0.last_login,
        u1_0.last_onboarding_update,
        u1_0.last_otp_request,
        u1_0.mobile,
        u1_0.mobile_number,
        u1_0.mobile_verified,
        u1_0.name,
        u1_0.onboarding_completed,
        u1_0.otp_verified,
        u1_0.otp_verified_on,
        u1_0.password_hash,
        u1_0.payment_screenshot_url,
        u1_0.paymentutr,
        u1_0.profile_photo_url,
        u1_0.registration_completed,
        u1_0.registration_stage,
        u1_0.registration_type,
        u1_0.role,
        u1_0.subscription_plan_id,
        u1_0.subscription_status,
        u1_0.updated_at,
        u1_0.verification_status,
        u1_0.verified_on,
        o1_0.verification_status,
        o1_0.verified,
        s1_0.payment_date,
        s1_0.plan_id,
        p1_0.id,
        p1_0.active,
        p1_0.amount_paise,
        p1_0.code,
        p1_0.created_at,
        p1_0.currency,
        p1_0.description,
        p1_0.duration_months,
        p1_0.name,
        p1_0.updated_at,
        s1_0.provider,
        s1_0.provider_payment_id,
        s1_0.rejection_comment,
        s1_0.reviewed_at,
        s1_0.starts_at,
        s1_0.status,
        s1_0.updated_at,
        s1_0.utr_number 
    from
        subscriptions s1_0 
    join
        owner_profiles o1_0 
            on o1_0.id=s1_0.owner_id 
    join
        users u1_0 
            on u1_0.id=o1_0.user_id 
    join
        subscription_plans p1_0 
            on p1_0.id=s1_0.plan_id"}
Hibernate: 
    select
        s1_0.id,
        s1_0.amount,
        s1_0.created_at,
        s1_0.currency,
        s1_0.expires_at,
        s1_0.owner_id,
        o1_0.id,
        o1_0.average_rating,
        o1_0.created_at,
        o1_0.mobile,
        o1_0.name,
        o1_0.preferences,
        o1_0.profile_photo_url,
        o1_0.ratings_count,
        o1_0.updated_at,
        o1_0.user_id,
        u1_0.id,
        u1_0.active,
        u1_0.age,
        u1_0.created_at,
        u1_0.current_onboarding_step,
        u1_0.date_of_birth,
        u1_0.didit_last_checked_at,
        u1_0.didit_session_id,
        u1_0.didit_status,
        u1_0.didit_verification_id,
        u1_0.failed_otp_attempts,
        u1_0.firebase_uid,
        u1_0.full_name,
        u1_0.gender,
        u1_0.is_kyc_verified,
        u1_0.last_login,
        u1_0.last_onboarding_update,
        u1_0.last_otp_request,
        u1_0.mobile,
        u1_0.mobile_number,
        u1_0.mobile_verified,
        u1_0.name,
        u1_0.onboarding_completed,
        u1_0.otp_verified,
        u1_0.otp_verified_on,
        u1_0.password_hash,
        u1_0.payment_screenshot_url,
        u1_0.paymentutr,
        u1_0.profile_photo_url,
        u1_0.registration_completed,
        u1_0.registration_stage,
        u1_0.registration_type,
        u1_0.role,
        u1_0.subscription_plan_id,
        u1_0.subscription_status,
        u1_0.updated_at,
        u1_0.verification_status,
        u1_0.verified_on,
        o1_0.verification_status,
        o1_0.verified,
        s1_0.payment_date,
        s1_0.plan_id,
        p1_0.id,
        p1_0.active,
        p1_0.amount_paise,
        p1_0.code,
        p1_0.created_at,
        p1_0.currency,
        p1_0.description,
        p1_0.duration_months,
        p1_0.name,
        p1_0.updated_at,
        s1_0.provider,
        s1_0.provider_payment_id,
        s1_0.rejection_comment,
        s1_0.reviewed_at,
        s1_0.starts_at,
        s1_0.status,
        s1_0.updated_at,
        s1_0.utr_number 
    from
        subscriptions s1_0 
    join
        owner_profiles o1_0 
            on o1_0.id=s1_0.owner_id 
    join
        users u1_0 
            on u1_0.id=o1_0.user_id 
    join
        subscription_plans p1_0 
            on p1_0.id=s1_0.plan_id
{"timestamp":"2026-08-31T02:02:10.415+05:30","level":"DEBUG","thread":"main","logger":"org.hibernate.SQL","message":"
    select
        u1_0.id,
        u1_0.active,
        u1_0.age,
        u1_0.created_at,
        u1_0.current_onboarding_step,
        u1_0.date_of_birth,
        u1_0.didit_last_checked_at,
        u1_0.didit_session_id,
        u1_0.didit_status,
        u1_0.didit_verification_id,
        u1_0.failed_otp_attempts,
        u1_0.firebase_uid,
        u1_0.full_name,
        u1_0.gender,
        u1_0.is_kyc_verified,
        u1_0.last_login,
        u1_0.last_onboarding_update,
        u1_0.last_otp_request,
        u1_0.mobile,
        u1_0.mobile_number,
        u1_0.mobile_verified,
        u1_0.name,
        u1_0.onboarding_completed,
        u1_0.otp_verified,
        u1_0.otp_verified_on,
        u1_0.password_hash,
        u1_0.payment_screenshot_url,
        u1_0.paymentutr,
        u1_0.profile_photo_url,
        u1_0.registration_completed,
        u1_0.registration_stage,
        u1_0.registration_type,
        u1_0.role,
        u1_0.subscription_plan_id,
        u1_0.subscription_status,
        u1_0.updated_at,
        u1_0.verification_status,
        u1_0.verified_on 
    from
        users u1_0 
    where
        u1_0.mobile=?"}
Hibernate: 
    select
        u1_0.id,
        u1_0.active,
        u1_0.age,
        u1_0.created_at,
        u1_0.current_onboarding_step,
        u1_0.date_of_birth,
        u1_0.didit_last_checked_at,
        u1_0.didit_session_id,
        u1_0.didit_status,
        u1_0.didit_verification_id,
        u1_0.failed_otp_attempts,
        u1_0.firebase_uid,
        u1_0.full_name,
        u1_0.gender,
        u1_0.is_kyc_verified,
        u1_0.last_login,
        u1_0.last_onboarding_update,
        u1_0.last_otp_request,
        u1_0.mobile,
        u1_0.mobile_number,
        u1_0.mobile_verified,
        u1_0.name,
        u1_0.onboarding_completed,
        u1_0.otp_verified,
        u1_0.otp_verified_on,
        u1_0.password_hash,
        u1_0.payment_screenshot_url,
        u1_0.paymentutr,
        u1_0.profile_photo_url,
        u1_0.registration_completed,
        u1_0.registration_stage,
        u1_0.registration_type,
        u1_0.role,
        u1_0.subscription_plan_id,
        u1_0.subscription_status,
        u1_0.updated_at,
        u1_0.verification_status,
        u1_0.verified_on 
    from
        users u1_0 
    where
        u1_0.mobile=?
{"timestamp":"2026-08-31T02:02:10.476+05:30","level":"DEBUG","thread":"main","logger":"org.hibernate.SQL","message":"
    select
        sp1_0.id,
        sp1_0.active,
        sp1_0.amount_paise,
        sp1_0.code,
        sp1_0.created_at,
        sp1_0.currency,
        sp1_0.description,
        sp1_0.duration_months,
        sp1_0.name,
        sp1_0.updated_at 
    from
        subscription_plans sp1_0 
    where
        sp1_0.code=?"}
Hibernate: 
    select
        sp1_0.id,
        sp1_0.active,
        sp1_0.amount_paise,
        sp1_0.code,
        sp1_0.created_at,
        sp1_0.currency,
        sp1_0.description,
        sp1_0.duration_months,
        sp1_0.name,
        sp1_0.updated_at 
    from
        subscription_plans sp1_0 
    where
        sp1_0.code=?
{"timestamp":"2026-08-31T02:02:10.486+05:30","level":"DEBUG","thread":"main","logger":"org.hibernate.SQL","message":"
    select
        sp1_0.id,
        sp1_0.active,
        sp1_0.amount_paise,
        sp1_0.code,
        sp1_0.created_at,
        sp1_0.currency,
        sp1_0.description,
        sp1_0.duration_months,
        sp1_0.name,
        sp1_0.updated_at 
    from
        subscription_plans sp1_0 
    where
        sp1_0.code=?"}
Hibernate: 
    select
        sp1_0.id,
        sp1_0.active,
        sp1_0.amount_paise,
        sp1_0.code,
        sp1_0.created_at,
        sp1_0.currency,
        sp1_0.description,
        sp1_0.duration_months,
        sp1_0.name,
        sp1_0.updated_at 
    from
        subscription_plans sp1_0 
    where
        sp1_0.code=?
{"timestamp":"2026-08-31T02:02:10.492+05:30","level":"DEBUG","thread":"main","logger":"org.hibernate.SQL","message":"
    select
        count(*) 
    from
        ticket_categories tc1_0"}
Hibernate: 
    select
        count(*) 
    from
        ticket_categories tc1_0
{"timestamp":"2026-08-31T02:02:13.732+05:30","level":"DEBUG","thread":"HikariPool-1 housekeeper","logger":"com.zaxxer.hikari.pool.HikariPool","message":"HikariPool-1 - Pool stats (total=10, active=0, idle=10, waiting=0)"}
{"timestamp":"2026-08-31T02:02:13.750+05:30","level":"DEBUG","thread":"HikariPool-1 housekeeper","logger":"com.zaxxer.hikari.pool.HikariPool","message":"HikariPool-1 - Fill pool skipped, pool has sufficient level or currently being filled."}
{"timestamp":"2026-08-31T02:02:21.545+05:30","level":"INFO","thread":"http-nio-8080-exec-1","logger":"org.apache.catalina.core.ContainerBase.[Tomcat].[localhost].[/]","message":"Initializing Spring DispatcherServlet 'dispatcherServlet'"}
{"timestamp":"2026-08-31T02:02:21.548+05:30","level":"INFO","thread":"http-nio-8080-exec-1","logger":"org.springframework.web.servlet.DispatcherServlet","message":"Initializing Servlet 'dispatcherServlet'"}
{"timestamp":"2026-08-31T02:02:21.553+05:30","level":"INFO","thread":"http-nio-8080-exec-1","logger":"org.springframework.web.servlet.DispatcherServlet","message":"Completed initialization in 3 ms"}
{"timestamp":"2026-08-31T02:02:22.274+05:30","level":"DEBUG","thread":"http-nio-8080-exec-2","logger":"org.springframework.jdbc.datasource.DataSourceUtils","message":"Setting JDBC Connection [HikariProxyConnection@1922623110 wrapping com.mysql.cj.jdbc.ConnectionImpl@3275a47f] read-only"}
{"timestamp":"2026-08-31T02:02:22.322+05:30","level":"DEBUG","thread":"http-nio-8080-exec-2","logger":"org.hibernate.SQL","message":"
    select
        u1_0.id,
        u1_0.active,
        u1_0.age,
        u1_0.created_at,
        u1_0.current_onboarding_step,
        u1_0.date_of_birth,
        u1_0.didit_last_checked_at,
        u1_0.didit_session_id,
        u1_0.didit_status,
        u1_0.didit_verification_id,
        u1_0.failed_otp_attempts,
        u1_0.firebase_uid,
        u1_0.full_name,
        u1_0.gender,
        u1_0.is_kyc_verified,
        u1_0.last_login,
        u1_0.last_onboarding_update,
        u1_0.last_otp_request,
        u1_0.mobile,
        u1_0.mobile_number,
        u1_0.mobile_verified,
        u1_0.name,
        u1_0.onboarding_completed,
        u1_0.otp_verified,
        u1_0.otp_verified_on,
        u1_0.password_hash,
        u1_0.payment_screenshot_url,
        u1_0.paymentutr,
        u1_0.profile_photo_url,
        u1_0.registration_completed,
        u1_0.registration_stage,
        u1_0.registration_type,
        u1_0.role,
        u1_0.subscription_plan_id,
        u1_0.subscription_status,
        u1_0.updated_at,
        u1_0.verification_status,
        u1_0.verified_on 
    from
        users u1_0 
    where
        u1_0.id=?"}
Hibernate: 
    select
        u1_0.id,
        u1_0.active,
        u1_0.age,
        u1_0.created_at,
        u1_0.current_onboarding_step,
        u1_0.date_of_birth,
        u1_0.didit_last_checked_at,
        u1_0.didit_session_id,
        u1_0.didit_status,
        u1_0.didit_verification_id,
        u1_0.failed_otp_attempts,
        u1_0.firebase_uid,
        u1_0.full_name,
        u1_0.gender,
        u1_0.is_kyc_verified,
        u1_0.last_login,
        u1_0.last_onboarding_update,
        u1_0.last_otp_request,
        u1_0.mobile,
        u1_0.mobile_number,
        u1_0.mobile_verified,
        u1_0.name,
        u1_0.onboarding_completed,
        u1_0.otp_verified,
        u1_0.otp_verified_on,
        u1_0.password_hash,
        u1_0.payment_screenshot_url,
        u1_0.paymentutr,
        u1_0.profile_photo_url,
        u1_0.registration_completed,
        u1_0.registration_stage,
        u1_0.registration_type,
        u1_0.role,
        u1_0.subscription_plan_id,
        u1_0.subscription_status,
        u1_0.updated_at,
        u1_0.verification_status,
        u1_0.verified_on 
    from
        users u1_0 
    where
        u1_0.id=?
{"timestamp":"2026-08-31T02:02:22.337+05:30","level":"DEBUG","thread":"http-nio-8080-exec-2","logger":"org.springframework.jdbc.datasource.DataSourceUtils","message":"Resetting read-only flag of JDBC Connection [HikariProxyConnection@1922623110 wrapping com.mysql.cj.jdbc.ConnectionImpl@3275a47f]"}
{"timestamp":"2026-08-31T02:02:22.468+05:30","level":"DEBUG","thread":"http-nio-8080-exec-2","logger":"org.hibernate.SQL","message":"
    select
        op1_0.id,
        op1_0.average_rating,
        op1_0.created_at,
        op1_0.mobile,
        op1_0.name,
        op1_0.preferences,
        op1_0.profile_photo_url,
        op1_0.ratings_count,
        op1_0.updated_at,
        op1_0.user_id,
        op1_0.verification_status,
        op1_0.verified 
    from
        owner_profiles op1_0 
    where
        op1_0.user_id=?"}
Hibernate: 
    select
        op1_0.id,
        op1_0.average_rating,
        op1_0.created_at,
        op1_0.mobile,
        op1_0.name,
        op1_0.preferences,
        op1_0.profile_photo_url,
        op1_0.ratings_count,
        op1_0.updated_at,
        op1_0.user_id,
        op1_0.verification_status,
        op1_0.verified 
    from
        owner_profiles op1_0 
    where
        op1_0.user_id=?
{"timestamp":"2026-08-31T02:02:22.482+05:30","level":"DEBUG","thread":"http-nio-8080-exec-2","logger":"org.hibernate.SQL","message":"
    select
        u1_0.id,
        u1_0.active,
        u1_0.age,
        u1_0.created_at,
        u1_0.current_onboarding_step,
        u1_0.date_of_birth,
        u1_0.didit_last_checked_at,
        u1_0.didit_session_id,
        u1_0.didit_status,
        u1_0.didit_verification_id,
        u1_0.failed_otp_attempts,
        u1_0.firebase_uid,
        u1_0.full_name,
        u1_0.gender,
        u1_0.is_kyc_verified,
        u1_0.last_login,
        u1_0.last_onboarding_update,
        u1_0.last_otp_request,
        u1_0.mobile,
        u1_0.mobile_number,
        u1_0.mobile_verified,
        u1_0.name,
        u1_0.onboarding_completed,
        u1_0.otp_verified,
        u1_0.otp_verified_on,
        u1_0.password_hash,
        u1_0.payment_screenshot_url,
        u1_0.paymentutr,
        u1_0.profile_photo_url,
        u1_0.registration_completed,
        u1_0.registration_stage,
        u1_0.registration_type,
        u1_0.role,
        u1_0.subscription_plan_id,
        u1_0.subscription_status,
        u1_0.updated_at,
        u1_0.verification_status,
        u1_0.verified_on 
    from
        users u1_0 
    where
        u1_0.id=?"}
Hibernate: 
    select
        u1_0.id,
        u1_0.active,
        u1_0.age,
        u1_0.created_at,
        u1_0.current_onboarding_step,
        u1_0.date_of_birth,
        u1_0.didit_last_checked_at,
        u1_0.didit_session_id,
        u1_0.didit_status,
        u1_0.didit_verification_id,
        u1_0.failed_otp_attempts,
        u1_0.firebase_uid,
        u1_0.full_name,
        u1_0.gender,
        u1_0.is_kyc_verified,
        u1_0.last_login,
        u1_0.last_onboarding_update,
        u1_0.last_otp_request,
        u1_0.mobile,
        u1_0.mobile_number,
        u1_0.mobile_verified,
        u1_0.name,
        u1_0.onboarding_completed,
        u1_0.otp_verified,
        u1_0.otp_verified_on,
        u1_0.password_hash,
        u1_0.payment_screenshot_url,
        u1_0.paymentutr,
        u1_0.profile_photo_url,
        u1_0.registration_completed,
        u1_0.registration_stage,
        u1_0.registration_type,
        u1_0.role,
        u1_0.subscription_plan_id,
        u1_0.subscription_status,
        u1_0.updated_at,
        u1_0.verification_status,
        u1_0.verified_on 
    from
        users u1_0 
    where
        u1_0.id=?
{"timestamp":"2026-08-31T02:02:22.580+05:30","level":"DEBUG","thread":"http-nio-8080-exec-2","logger":"org.hibernate.SQL","message":"
    select
        n1_0.id,
        n1_0.body,
        n1_0.created_at,
        n1_0.is_read,
        n1_0.route,
        n1_0.title,
        n1_0.type,
        n1_0.updated_at,
        n1_0.user_id 
    from
        notifications n1_0 
    where
        n1_0.user_id=? 
    order by
        n1_0.created_at desc"}
Hibernate: 
    select
        n1_0.id,
        n1_0.body,
        n1_0.created_at,
        n1_0.is_read,
        n1_0.route,
        n1_0.title,
        n1_0.type,
        n1_0.updated_at,
        n1_0.user_id 
    from
        notifications n1_0 
    where
        n1_0.user_id=? 
    order by
        n1_0.created_at desc
{"timestamp":"2026-08-31T02:02:22.598+05:30","level":"DEBUG","thread":"http-nio-8080-exec-2","logger":"org.hibernate.SQL","message":"
    select
        u1_0.id,
        u1_0.active,
        u1_0.age,
        u1_0.created_at,
        u1_0.current_onboarding_step,
        u1_0.date_of_birth,
        u1_0.didit_last_checked_at,
        u1_0.didit_session_id,
        u1_0.didit_status,
        u1_0.didit_verification_id,
        u1_0.failed_otp_attempts,
        u1_0.firebase_uid,
        u1_0.full_name,
        u1_0.gender,
        u1_0.is_kyc_verified,
        u1_0.last_login,
        u1_0.last_onboarding_update,
        u1_0.last_otp_request,
        u1_0.mobile,
        u1_0.mobile_number,
        u1_0.mobile_verified,
        u1_0.name,
        u1_0.onboarding_completed,
        u1_0.otp_verified,
        u1_0.otp_verified_on,
        u1_0.password_hash,
        u1_0.payment_screenshot_url,
        u1_0.paymentutr,
        u1_0.profile_photo_url,
        u1_0.registration_completed,
        u1_0.registration_stage,
        u1_0.registration_type,
        u1_0.role,
        u1_0.subscription_plan_id,
        u1_0.subscription_status,
        u1_0.updated_at,
        u1_0.verification_status,
        u1_0.verified_on 
    from
        users u1_0 
    where
        u1_0.id=?"}
Hibernate: 
    select
        u1_0.id,
        u1_0.active,
        u1_0.age,
        u1_0.created_at,
        u1_0.current_onboarding_step,
        u1_0.date_of_birth,
        u1_0.didit_last_checked_at,
        u1_0.didit_session_id,
        u1_0.didit_status,
        u1_0.didit_verification_id,
        u1_0.failed_otp_attempts,
        u1_0.firebase_uid,
        u1_0.full_name,
        u1_0.gender,
        u1_0.is_kyc_verified,
        u1_0.last_login,
        u1_0.last_onboarding_update,
        u1_0.last_otp_request,
        u1_0.mobile,
        u1_0.mobile_number,
        u1_0.mobile_verified,
        u1_0.name,
        u1_0.onboarding_completed,
        u1_0.otp_verified,
        u1_0.otp_verified_on,
        u1_0.password_hash,
        u1_0.payment_screenshot_url,
        u1_0.paymentutr,
        u1_0.profile_photo_url,
        u1_0.registration_completed,
        u1_0.registration_stage,
        u1_0.registration_type,
        u1_0.role,
        u1_0.subscription_plan_id,
        u1_0.subscription_status,
        u1_0.updated_at,
        u1_0.verification_status,
        u1_0.verified_on 
    from
        users u1_0 
    where
        u1_0.id=?
{"timestamp":"2026-08-31T02:02:25.359+05:30","level":"DEBUG","thread":"http-nio-8080-exec-4","logger":"org.springframework.jdbc.datasource.DataSourceUtils","message":"Setting JDBC Connection [HikariProxyConnection@171205782 wrapping com.mysql.cj.jdbc.ConnectionImpl@65eaec1e] read-only"}
{"timestamp":"2026-08-31T02:02:25.359+05:30","level":"DEBUG","thread":"http-nio-8080-exec-3","logger":"org.springframework.jdbc.datasource.DataSourceUtils","message":"Setting JDBC Connection [HikariProxyConnection@1531500752 wrapping com.mysql.cj.jdbc.ConnectionImpl@3275a47f] read-only"}
{"timestamp":"2026-08-31T02:02:25.363+05:30","level":"DEBUG","thread":"http-nio-8080-exec-4","logger":"org.hibernate.SQL","message":"
    select
        u1_0.id,
        u1_0.active,
        u1_0.age,
        u1_0.created_at,
        u1_0.current_onboarding_step,
        u1_0.date_of_birth,
        u1_0.didit_last_checked_at,
        u1_0.didit_session_id,
        u1_0.didit_status,
        u1_0.didit_verification_id,
        u1_0.failed_otp_attempts,
        u1_0.firebase_uid,
        u1_0.full_name,
        u1_0.gender,
        u1_0.is_kyc_verified,
        u1_0.last_login,
        u1_0.last_onboarding_update,
        u1_0.last_otp_request,
        u1_0.mobile,
        u1_0.mobile_number,
        u1_0.mobile_verified,
        u1_0.name,
        u1_0.onboarding_completed,
        u1_0.otp_verified,
        u1_0.otp_verified_on,
        u1_0.password_hash,
        u1_0.payment_screenshot_url,
        u1_0.paymentutr,
        u1_0.profile_photo_url,
        u1_0.registration_completed,
        u1_0.registration_stage,
        u1_0.registration_type,
        u1_0.role,
        u1_0.subscription_plan_id,
        u1_0.subscription_status,
        u1_0.updated_at,
        u1_0.verification_status,
        u1_0.verified_on 
    from
        users u1_0 
    where
        u1_0.id=?"}
Hibernate: 
    select
        u1_0.id,
        u1_0.active,
        u1_0.age,
        u1_0.created_at,
        u1_0.current_onboarding_step,
        u1_0.date_of_birth,
        u1_0.didit_last_checked_at,
        u1_0.didit_session_id,
        u1_0.didit_status,
        u1_0.didit_verification_id,
        u1_0.failed_otp_attempts,
        u1_0.firebase_uid,
        u1_0.full_name,
        u1_0.gender,
        u1_0.is_kyc_verified,
        u1_0.last_login,
        u1_0.last_onboarding_update,
        u1_0.last_otp_request,
        u1_0.mobile,
        u1_0.mobile_number,
        u1_0.mobile_verified,
        u1_0.name,
        u1_0.onboarding_completed,
        u1_0.otp_verified,
        u1_0.otp_verified_on,
        u1_0.password_hash,
        u1_0.payment_screenshot_url,
        u1_0.paymentutr,
        u1_0.profile_photo_url,
        u1_0.registration_completed,
        u1_0.registration_stage,
        u1_0.registration_type,
        u1_0.role,
        u1_0.subscription_plan_id,
        u1_0.subscription_status,
        u1_0.updated_at,
        u1_0.verification_status,
        u1_0.verified_on 
    from
        users u1_0 
    where
        u1_0.id=?
{"timestamp":"2026-08-31T02:02:25.363+05:30","level":"DEBUG","thread":"http-nio-8080-exec-3","logger":"org.hibernate.SQL","message":"
    select
        u1_0.id,
        u1_0.active,
        u1_0.age,
        u1_0.created_at,
        u1_0.current_onboarding_step,
        u1_0.date_of_birth,
        u1_0.didit_last_checked_at,
        u1_0.didit_session_id,
        u1_0.didit_status,
        u1_0.didit_verification_id,
        u1_0.failed_otp_attempts,
        u1_0.firebase_uid,
        u1_0.full_name,
        u1_0.gender,
        u1_0.is_kyc_verified,
        u1_0.last_login,
        u1_0.last_onboarding_update,
        u1_0.last_otp_request,
        u1_0.mobile,
        u1_0.mobile_number,
        u1_0.mobile_verified,
        u1_0.name,
        u1_0.onboarding_completed,
        u1_0.otp_verified,
        u1_0.otp_verified_on,
        u1_0.password_hash,
        u1_0.payment_screenshot_url,
        u1_0.paymentutr,
        u1_0.profile_photo_url,
        u1_0.registration_completed,
        u1_0.registration_stage,
        u1_0.registration_type,
        u1_0.role,
        u1_0.subscription_plan_id,
        u1_0.subscription_status,
        u1_0.updated_at,
        u1_0.verification_status,
        u1_0.verified_on 
    from
        users u1_0 
    where
        u1_0.id=?"}
Hibernate: 
    select
        u1_0.id,
        u1_0.active,
        u1_0.age,
        u1_0.created_at,
        u1_0.current_onboarding_step,
        u1_0.date_of_birth,
        u1_0.didit_last_checked_at,
        u1_0.didit_session_id,
        u1_0.didit_status,
        u1_0.didit_verification_id,
        u1_0.failed_otp_attempts,
        u1_0.firebase_uid,
        u1_0.full_name,
        u1_0.gender,
        u1_0.is_kyc_verified,
        u1_0.last_login,
        u1_0.last_onboarding_update,
        u1_0.last_otp_request,
        u1_0.mobile,
        u1_0.mobile_number,
        u1_0.mobile_verified,
        u1_0.name,
        u1_0.onboarding_completed,
        u1_0.otp_verified,
        u1_0.otp_verified_on,
        u1_0.password_hash,
        u1_0.payment_screenshot_url,
        u1_0.paymentutr,
        u1_0.profile_photo_url,
        u1_0.registration_completed,
        u1_0.registration_stage,
        u1_0.registration_type,
        u1_0.role,
        u1_0.subscription_plan_id,
        u1_0.subscription_status,
        u1_0.updated_at,
        u1_0.verification_status,
        u1_0.verified_on 
    from
        users u1_0 
    where
        u1_0.id=?
{"timestamp":"2026-08-31T02:02:25.375+05:30","level":"DEBUG","thread":"http-nio-8080-exec-4","logger":"org.springframework.jdbc.datasource.DataSourceUtils","message":"Resetting read-only flag of JDBC Connection [HikariProxyConnection@171205782 wrapping com.mysql.cj.jdbc.ConnectionImpl@65eaec1e]"}
{"timestamp":"2026-08-31T02:02:25.375+05:30","level":"DEBUG","thread":"http-nio-8080-exec-3","logger":"org.springframework.jdbc.datasource.DataSourceUtils","message":"Resetting read-only flag of JDBC Connection [HikariProxyConnection@1531500752 wrapping com.mysql.cj.jdbc.ConnectionImpl@3275a47f]"}
{"timestamp":"2026-08-31T02:02:25.379+05:30","level":"DEBUG","thread":"http-nio-8080-exec-3","logger":"org.hibernate.SQL","message":"
    select
        op1_0.id,
        op1_0.average_rating,
        op1_0.created_at,
        op1_0.mobile,
        op1_0.name,
        op1_0.preferences,
        op1_0.profile_photo_url,
        op1_0.ratings_count,
        op1_0.updated_at,
        op1_0.user_id,
        op1_0.verification_status,
        op1_0.verified 
    from
        owner_profiles op1_0 
    where
        op1_0.user_id=?"}
Hibernate: 
    select
        op1_0.id,
        op1_0.average_rating,
        op1_0.created_at,
        op1_0.mobile,
        op1_0.name,
        op1_0.preferences,
        op1_0.profile_photo_url,
        op1_0.ratings_count,
        op1_0.updated_at,
        op1_0.user_id,
        op1_0.verification_status,
        op1_0.verified 
    from
        owner_profiles op1_0 
    where
        op1_0.user_id=?
{"timestamp":"2026-08-31T02:02:25.381+05:30","level":"DEBUG","thread":"http-nio-8080-exec-4","logger":"org.hibernate.SQL","message":"
    select
        op1_0.id,
        op1_0.average_rating,
        op1_0.created_at,
        op1_0.mobile,
        op1_0.name,
        op1_0.preferences,
        op1_0.profile_photo_url,
        op1_0.ratings_count,
        op1_0.updated_at,
        op1_0.user_id,
        op1_0.verification_status,
        op1_0.verified 
    from
        owner_profiles op1_0 
    where
        op1_0.user_id=?"}
Hibernate: 
    select
        op1_0.id,
        op1_0.average_rating,
        op1_0.created_at,
        op1_0.mobile,
        op1_0.name,
        op1_0.preferences,
        op1_0.profile_photo_url,
        op1_0.ratings_count,
        op1_0.updated_at,
        op1_0.user_id,
        op1_0.verification_status,
        op1_0.verified 
    from
        owner_profiles op1_0 
    where
        op1_0.user_id=?
{"timestamp":"2026-08-31T02:02:25.390+05:30","level":"DEBUG","thread":"http-nio-8080-exec-3","logger":"org.hibernate.SQL","message":"
    select
        u1_0.id,
        u1_0.active,
        u1_0.age,
        u1_0.created_at,
        u1_0.current_onboarding_step,
        u1_0.date_of_birth,
        u1_0.didit_last_checked_at,
        u1_0.didit_session_id,
        u1_0.didit_status,
        u1_0.didit_verification_id,
        u1_0.failed_otp_attempts,
        u1_0.firebase_uid,
        u1_0.full_name,
        u1_0.gender,
        u1_0.is_kyc_verified,
        u1_0.last_login,
        u1_0.last_onboarding_update,
        u1_0.last_otp_request,
        u1_0.mobile,
        u1_0.mobile_number,
        u1_0.mobile_verified,
        u1_0.name,
        u1_0.onboarding_completed,
        u1_0.otp_verified,
        u1_0.otp_verified_on,
        u1_0.password_hash,
        u1_0.payment_screenshot_url,
        u1_0.paymentutr,
        u1_0.profile_photo_url,
        u1_0.registration_completed,
        u1_0.registration_stage,
        u1_0.registration_type,
        u1_0.role,
        u1_0.subscription_plan_id,
        u1_0.subscription_status,
        u1_0.updated_at,
        u1_0.verification_status,
        u1_0.verified_on 
    from
        users u1_0 
    where
        u1_0.id=?"}
Hibernate: 
    select
        u1_0.id,
        u1_0.active,
        u1_0.age,
        u1_0.created_at,
        u1_0.current_onboarding_step,
        u1_0.date_of_birth,
        u1_0.didit_last_checked_at,
        u1_0.didit_session_id,
        u1_0.didit_status,
        u1_0.didit_verification_id,
        u1_0.failed_otp_attempts,
        u1_0.firebase_uid,
        u1_0.full_name,
        u1_0.gender,
        u1_0.is_kyc_verified,
        u1_0.last_login,
        u1_0.last_onboarding_update,
        u1_0.last_otp_request,
        u1_0.mobile,
        u1_0.mobile_number,
        u1_0.mobile_verified,
        u1_0.name,
        u1_0.onboarding_completed,
        u1_0.otp_verified,
        u1_0.otp_verified_on,
        u1_0.password_hash,
        u1_0.payment_screenshot_url,
        u1_0.paymentutr,
        u1_0.profile_photo_url,
        u1_0.registration_completed,
        u1_0.registration_stage,
        u1_0.registration_type,
        u1_0.role,
        u1_0.subscription_plan_id,
        u1_0.subscription_status,
        u1_0.updated_at,
        u1_0.verification_status,
        u1_0.verified_on 
    from
        users u1_0 
    where
        u1_0.id=?
{"timestamp":"2026-08-31T02:02:25.391+05:30","level":"DEBUG","thread":"http-nio-8080-exec-4","logger":"org.hibernate.SQL","message":"
    select
        u1_0.id,
        u1_0.active,
        u1_0.age,
        u1_0.created_at,
        u1_0.current_onboarding_step,
        u1_0.date_of_birth,
        u1_0.didit_last_checked_at,
        u1_0.didit_session_id,
        u1_0.didit_status,
        u1_0.didit_verification_id,
        u1_0.failed_otp_attempts,
        u1_0.firebase_uid,
        u1_0.full_name,
        u1_0.gender,
        u1_0.is_kyc_verified,
        u1_0.last_login,
        u1_0.last_onboarding_update,
        u1_0.last_otp_request,
        u1_0.mobile,
        u1_0.mobile_number,
        u1_0.mobile_verified,
        u1_0.name,
        u1_0.onboarding_completed,
        u1_0.otp_verified,
        u1_0.otp_verified_on,
        u1_0.password_hash,
        u1_0.payment_screenshot_url,
        u1_0.paymentutr,
        u1_0.profile_photo_url,
        u1_0.registration_completed,
        u1_0.registration_stage,
        u1_0.registration_type,
        u1_0.role,
        u1_0.subscription_plan_id,
        u1_0.subscription_status,
        u1_0.updated_at,
        u1_0.verification_status,
        u1_0.verified_on 
    from
        users u1_0 
    where
        u1_0.id=?"}
Hibernate: 
    select
        u1_0.id,
        u1_0.active,
        u1_0.age,
        u1_0.created_at,
        u1_0.current_onboarding_step,
        u1_0.date_of_birth,
        u1_0.didit_last_checked_at,
        u1_0.didit_session_id,
        u1_0.didit_status,
        u1_0.didit_verification_id,
        u1_0.failed_otp_attempts,
        u1_0.firebase_uid,
        u1_0.full_name,
        u1_0.gender,
        u1_0.is_kyc_verified,
        u1_0.last_login,
        u1_0.last_onboarding_update,
        u1_0.last_otp_request,
        u1_0.mobile,
        u1_0.mobile_number,
        u1_0.mobile_verified,
        u1_0.name,
        u1_0.onboarding_completed,
        u1_0.otp_verified,
        u1_0.otp_verified_on,
        u1_0.password_hash,
        u1_0.payment_screenshot_url,
        u1_0.paymentutr,
        u1_0.profile_photo_url,
        u1_0.registration_completed,
        u1_0.registration_stage,
        u1_0.registration_type,
        u1_0.role,
        u1_0.subscription_plan_id,
        u1_0.subscription_status,
        u1_0.updated_at,
        u1_0.verification_status,
        u1_0.verified_on 
    from
        users u1_0 
    where
        u1_0.id=?
{"timestamp":"2026-08-31T02:02:25.410+05:30","level":"DEBUG","thread":"http-nio-8080-exec-4","logger":"org.hibernate.SQL","message":"
    select
        n1_0.id,
        n1_0.body,
        n1_0.created_at,
        n1_0.is_read,
        n1_0.route,
        n1_0.title,
        n1_0.type,
        n1_0.updated_at,
        n1_0.user_id 
    from
        notifications n1_0 
    where
        n1_0.user_id=? 
    order by
        n1_0.created_at desc"}
Hibernate: 
    select
        n1_0.id,
        n1_0.body,
        n1_0.created_at,
        n1_0.is_read,
        n1_0.route,
        n1_0.title,
        n1_0.type,
        n1_0.updated_at,
        n1_0.user_id 
    from
        notifications n1_0 
    where
        n1_0.user_id=? 
    order by
        n1_0.created_at desc
{"timestamp":"2026-08-31T02:02:25.410+05:30","level":"DEBUG","thread":"http-nio-8080-exec-3","logger":"org.hibernate.SQL","message":"
    select
        s1_0.id,
        s1_0.amount,
        s1_0.created_at,
        s1_0.currency,
        s1_0.expires_at,
        s1_0.owner_id,
        o1_0.id,
        o1_0.average_rating,
        o1_0.created_at,
        o1_0.mobile,
        o1_0.name,
        o1_0.preferences,
        o1_0.profile_photo_url,
        o1_0.ratings_count,
        o1_0.updated_at,
        o1_0.user_id,
        u1_0.id,
        u1_0.active,
        u1_0.age,
        u1_0.created_at,
        u1_0.current_onboarding_step,
        u1_0.date_of_birth,
        u1_0.didit_last_checked_at,
        u1_0.didit_session_id,
        u1_0.didit_status,
        u1_0.didit_verification_id,
        u1_0.failed_otp_attempts,
        u1_0.firebase_uid,
        u1_0.full_name,
        u1_0.gender,
        u1_0.is_kyc_verified,
        u1_0.last_login,
        u1_0.last_onboarding_update,
        u1_0.last_otp_request,
        u1_0.mobile,
        u1_0.mobile_number,
        u1_0.mobile_verified,
        u1_0.name,
        u1_0.onboarding_completed,
        u1_0.otp_verified,
        u1_0.otp_verified_on,
        u1_0.password_hash,
        u1_0.payment_screenshot_url,
        u1_0.paymentutr,
        u1_0.profile_photo_url,
        u1_0.registration_completed,
        u1_0.registration_stage,
        u1_0.registration_type,
        u1_0.role,
        u1_0.subscription_plan_id,
        u1_0.subscription_status,
        u1_0.updated_at,
        u1_0.verification_status,
        u1_0.verified_on,
        o1_0.verification_status,
        o1_0.verified,
        s1_0.payment_date,
        s1_0.plan_id,
        p1_0.id,
        p1_0.active,
        p1_0.amount_paise,
        p1_0.code,
        p1_0.created_at,
        p1_0.currency,
        p1_0.description,
        p1_0.duration_months,
        p1_0.name,
        p1_0.updated_at,
        s1_0.provider,
        s1_0.provider_payment_id,
        s1_0.rejection_comment,
        s1_0.reviewed_at,
        s1_0.starts_at,
        s1_0.status,
        s1_0.updated_at,
        s1_0.utr_number 
    from
        subscriptions s1_0 
    join
        owner_profiles o1_0 
            on o1_0.id=s1_0.owner_id 
    join
        users u1_0 
            on u1_0.id=o1_0.user_id 
    join
        subscription_plans p1_0 
            on p1_0.id=s1_0.plan_id"}
Hibernate: 
    select
        s1_0.id,
        s1_0.amount,
        s1_0.created_at,
        s1_0.currency,
        s1_0.expires_at,
        s1_0.owner_id,
        o1_0.id,
        o1_0.average_rating,
        o1_0.created_at,
        o1_0.mobile,
        o1_0.name,
        o1_0.preferences,
        o1_0.profile_photo_url,
        o1_0.ratings_count,
        o1_0.updated_at,
        o1_0.user_id,
        u1_0.id,
        u1_0.active,
        u1_0.age,
        u1_0.created_at,
        u1_0.current_onboarding_step,
        u1_0.date_of_birth,
        u1_0.didit_last_checked_at,
        u1_0.didit_session_id,
        u1_0.didit_status,
        u1_0.didit_verification_id,
        u1_0.failed_otp_attempts,
        u1_0.firebase_uid,
        u1_0.full_name,
        u1_0.gender,
        u1_0.is_kyc_verified,
        u1_0.last_login,
        u1_0.last_onboarding_update,
        u1_0.last_otp_request,
        u1_0.mobile,
        u1_0.mobile_number,
        u1_0.mobile_verified,
        u1_0.name,
        u1_0.onboarding_completed,
        u1_0.otp_verified,
        u1_0.otp_verified_on,
        u1_0.password_hash,
        u1_0.payment_screenshot_url,
        u1_0.paymentutr,
        u1_0.profile_photo_url,
        u1_0.registration_completed,
        u1_0.registration_stage,
        u1_0.registration_type,
        u1_0.role,
        u1_0.subscription_plan_id,
        u1_0.subscription_status,
        u1_0.updated_at,
        u1_0.verification_status,
        u1_0.verified_on,
        o1_0.verification_status,
        o1_0.verified,
        s1_0.payment_date,
        s1_0.plan_id,
        p1_0.id,
        p1_0.active,
        p1_0.amount_paise,
        p1_0.code,
        p1_0.created_at,
        p1_0.currency,
        p1_0.description,
        p1_0.duration_months,
        p1_0.name,
        p1_0.updated_at,
        s1_0.provider,
        s1_0.provider_payment_id,
        s1_0.rejection_comment,
        s1_0.reviewed_at,
        s1_0.starts_at,
        s1_0.status,
        s1_0.updated_at,
        s1_0.utr_number 
    from
        subscriptions s1_0 
    join
        owner_profiles o1_0 
            on o1_0.id=s1_0.owner_id 
    join
        users u1_0 
            on u1_0.id=o1_0.user_id 
    join
        subscription_plans p1_0 
            on p1_0.id=s1_0.plan_id
{"timestamp":"2026-08-31T02:02:25.420+05:30","level":"DEBUG","thread":"http-nio-8080-exec-4","logger":"org.hibernate.SQL","message":"
    select
        u1_0.id,
        u1_0.active,
        u1_0.age,
        u1_0.created_at,
        u1_0.current_onboarding_step,
        u1_0.date_of_birth,
        u1_0.didit_last_checked_at,
        u1_0.didit_session_id,
        u1_0.didit_status,
        u1_0.didit_verification_id,
        u1_0.failed_otp_attempts,
        u1_0.firebase_uid,
        u1_0.full_name,
        u1_0.gender,
        u1_0.is_kyc_verified,
        u1_0.last_login,
        u1_0.last_onboarding_update,
        u1_0.last_otp_request,
        u1_0.mobile,
        u1_0.mobile_number,
        u1_0.mobile_verified,
        u1_0.name,
        u1_0.onboarding_completed,
        u1_0.otp_verified,
        u1_0.otp_verified_on,
        u1_0.password_hash,
        u1_0.payment_screenshot_url,
        u1_0.paymentutr,
        u1_0.profile_photo_url,
        u1_0.registration_completed,
        u1_0.registration_stage,
        u1_0.registration_type,
        u1_0.role,
        u1_0.subscription_plan_id,
        u1_0.subscription_status,
        u1_0.updated_at,
        u1_0.verification_status,
        u1_0.verified_on 
    from
        users u1_0 
    where
        u1_0.id=?"}
Hibernate: 
    select
        u1_0.id,
        u1_0.active,
        u1_0.age,
        u1_0.created_at,
        u1_0.current_onboarding_step,
        u1_0.date_of_birth,
        u1_0.didit_last_checked_at,
        u1_0.didit_session_id,
        u1_0.didit_status,
        u1_0.didit_verification_id,
        u1_0.failed_otp_attempts,
        u1_0.firebase_uid,
        u1_0.full_name,
        u1_0.gender,
        u1_0.is_kyc_verified,
        u1_0.last_login,
        u1_0.last_onboarding_update,
        u1_0.last_otp_request,
        u1_0.mobile,
        u1_0.mobile_number,
        u1_0.mobile_verified,
        u1_0.name,
        u1_0.onboarding_completed,
        u1_0.otp_verified,
        u1_0.otp_verified_on,
        u1_0.password_hash,
        u1_0.payment_screenshot_url,
        u1_0.paymentutr,
        u1_0.profile_photo_url,
        u1_0.registration_completed,
        u1_0.registration_stage,
        u1_0.registration_type,
        u1_0.role,
        u1_0.subscription_plan_id,
        u1_0.subscription_status,
        u1_0.updated_at,
        u1_0.verification_status,
        u1_0.verified_on 
    from
        users u1_0 
    where
        u1_0.id=?
{"timestamp":"2026-08-31T02:02:25.429+05:30","level":"DEBUG","thread":"http-nio-8080-exec-3","logger":"org.hibernate.SQL","message":"
    select
        s1_0.id,
        s1_0.amount,
        s1_0.created_at,
        s1_0.currency,
        s1_0.expires_at,
        s1_0.owner_id,
        s1_0.payment_date,
        s1_0.plan_id,
        s1_0.provider,
        s1_0.provider_payment_id,
        s1_0.rejection_comment,
        s1_0.reviewed_at,
        s1_0.starts_at,
        s1_0.status,
        s1_0.updated_at,
        s1_0.utr_number 
    from
        subscriptions s1_0 
    where
        s1_0.owner_id=? 
    order by
        s1_0.created_at desc"}
Hibernate: 
    select
        s1_0.id,
        s1_0.amount,
        s1_0.created_at,
        s1_0.currency,
        s1_0.expires_at,
        s1_0.owner_id,
        s1_0.payment_date,
        s1_0.plan_id,
        s1_0.provider,
        s1_0.provider_payment_id,
        s1_0.rejection_comment,
        s1_0.reviewed_at,
        s1_0.starts_at,
        s1_0.status,
        s1_0.updated_at,
        s1_0.utr_number 
    from
        subscriptions s1_0 
    where
        s1_0.owner_id=? 
    order by
        s1_0.created_at desc
{"timestamp":"2026-08-31T02:02:25.549+05:30","level":"DEBUG","thread":"http-nio-8080-exec-6","logger":"org.springframework.jdbc.datasource.DataSourceUtils","message":"Setting JDBC Connection [HikariProxyConnection@2061961371 wrapping com.mysql.cj.jdbc.ConnectionImpl@3275a47f] read-only"}
{"timestamp":"2026-08-31T02:02:25.557+05:30","level":"DEBUG","thread":"http-nio-8080-exec-6","logger":"org.hibernate.SQL","message":"
    select
        u1_0.id,
        u1_0.active,
        u1_0.age,
        u1_0.created_at,
        u1_0.current_onboarding_step,
        u1_0.date_of_birth,
        u1_0.didit_last_checked_at,
        u1_0.didit_session_id,
        u1_0.didit_status,
        u1_0.didit_verification_id,
        u1_0.failed_otp_attempts,
        u1_0.firebase_uid,
        u1_0.full_name,
        u1_0.gender,
        u1_0.is_kyc_verified,
        u1_0.last_login,
        u1_0.last_onboarding_update,
        u1_0.last_otp_request,
        u1_0.mobile,
        u1_0.mobile_number,
        u1_0.mobile_verified,
        u1_0.name,
        u1_0.onboarding_completed,
        u1_0.otp_verified,
        u1_0.otp_verified_on,
        u1_0.password_hash,
        u1_0.payment_screenshot_url,
        u1_0.paymentutr,
        u1_0.profile_photo_url,
        u1_0.registration_completed,
        u1_0.registration_stage,
        u1_0.registration_type,
        u1_0.role,
        u1_0.subscription_plan_id,
        u1_0.subscription_status,
        u1_0.updated_at,
        u1_0.verification_status,
        u1_0.verified_on 
    from
        users u1_0 
    where
        u1_0.id=?"}
Hibernate: 
    select
        u1_0.id,
        u1_0.active,
        u1_0.age,
        u1_0.created_at,
        u1_0.current_onboarding_step,
        u1_0.date_of_birth,
        u1_0.didit_last_checked_at,
        u1_0.didit_session_id,
        u1_0.didit_status,
        u1_0.didit_verification_id,
        u1_0.failed_otp_attempts,
        u1_0.firebase_uid,
        u1_0.full_name,
        u1_0.gender,
        u1_0.is_kyc_verified,
        u1_0.last_login,
        u1_0.last_onboarding_update,
        u1_0.last_otp_request,
        u1_0.mobile,
        u1_0.mobile_number,
        u1_0.mobile_verified,
        u1_0.name,
        u1_0.onboarding_completed,
        u1_0.otp_verified,
        u1_0.otp_verified_on,
        u1_0.password_hash,
        u1_0.payment_screenshot_url,
        u1_0.paymentutr,
        u1_0.profile_photo_url,
        u1_0.registration_completed,
        u1_0.registration_stage,
        u1_0.registration_type,
        u1_0.role,
        u1_0.subscription_plan_id,
        u1_0.subscription_status,
        u1_0.updated_at,
        u1_0.verification_status,
        u1_0.verified_on 
    from
        users u1_0 
    where
        u1_0.id=?
{"timestamp":"2026-08-31T02:02:25.573+05:30","level":"DEBUG","thread":"http-nio-8080-exec-6","logger":"org.springframework.jdbc.datasource.DataSourceUtils","message":"Resetting read-only flag of JDBC Connection [HikariProxyConnection@2061961371 wrapping com.mysql.cj.jdbc.ConnectionImpl@3275a47f]"}
{"timestamp":"2026-08-31T02:02:25.577+05:30","level":"DEBUG","thread":"http-nio-8080-exec-10","logger":"org.springframework.jdbc.datasource.DataSourceUtils","message":"Setting JDBC Connection [HikariProxyConnection@821124510 wrapping com.mysql.cj.jdbc.ConnectionImpl@65eaec1e] read-only"}
{"timestamp":"2026-08-31T02:02:25.582+05:30","level":"DEBUG","thread":"http-nio-8080-exec-8","logger":"org.springframework.jdbc.datasource.DataSourceUtils","message":"Setting JDBC Connection [HikariProxyConnection@1837051519 wrapping com.mysql.cj.jdbc.ConnectionImpl@5c51351] read-only"}
{"timestamp":"2026-08-31T02:02:25.584+05:30","level":"DEBUG","thread":"HikariPool-1 connection adder","logger":"com.zaxxer.hikari.pool.HikariPool","message":"HikariPool-1 - Connection not added, stats (total=10, active=2, idle=8, waiting=0)"}
{"timestamp":"2026-08-31T02:02:25.587+05:30","level":"DEBUG","thread":"http-nio-8080-exec-10","logger":"org.hibernate.SQL","message":"
    select
        u1_0.id,
        u1_0.active,
        u1_0.age,
        u1_0.created_at,
        u1_0.current_onboarding_step,
        u1_0.date_of_birth,
        u1_0.didit_last_checked_at,
        u1_0.didit_session_id,
        u1_0.didit_status,
        u1_0.didit_verification_id,
        u1_0.failed_otp_attempts,
        u1_0.firebase_uid,
        u1_0.full_name,
        u1_0.gender,
        u1_0.is_kyc_verified,
        u1_0.last_login,
        u1_0.last_onboarding_update,
        u1_0.last_otp_request,
        u1_0.mobile,
        u1_0.mobile_number,
        u1_0.mobile_verified,
        u1_0.name,
        u1_0.onboarding_completed,
        u1_0.otp_verified,
        u1_0.otp_verified_on,
        u1_0.password_hash,
        u1_0.payment_screenshot_url,
        u1_0.paymentutr,
        u1_0.profile_photo_url,
        u1_0.registration_completed,
        u1_0.registration_stage,
        u1_0.registration_type,
        u1_0.role,
        u1_0.subscription_plan_id,
        u1_0.subscription_status,
        u1_0.updated_at,
        u1_0.verification_status,
        u1_0.verified_on 
    from
        users u1_0 
    where
        u1_0.id=?"}
Hibernate: 
    select
        u1_0.id,
        u1_0.active,
        u1_0.age,
        u1_0.created_at,
        u1_0.current_onboarding_step,
        u1_0.date_of_birth,
        u1_0.didit_last_checked_at,
        u1_0.didit_session_id,
        u1_0.didit_status,
        u1_0.didit_verification_id,
        u1_0.failed_otp_attempts,
        u1_0.firebase_uid,
        u1_0.full_name,
        u1_0.gender,
        u1_0.is_kyc_verified,
        u1_0.last_login,
        u1_0.last_onboarding_update,
        u1_0.last_otp_request,
        u1_0.mobile,
        u1_0.mobile_number,
        u1_0.mobile_verified,
        u1_0.name,
        u1_0.onboarding_completed,
        u1_0.otp_verified,
        u1_0.otp_verified_on,
        u1_0.password_hash,
        u1_0.payment_screenshot_url,
        u1_0.paymentutr,
        u1_0.profile_photo_url,
        u1_0.registration_completed,
        u1_0.registration_stage,
        u1_0.registration_type,
        u1_0.role,
        u1_0.subscription_plan_id,
        u1_0.subscription_status,
        u1_0.updated_at,
        u1_0.verification_status,
        u1_0.verified_on 
    from
        users u1_0 
    where
        u1_0.id=?
{"timestamp":"2026-08-31T02:02:25.592+05:30","level":"DEBUG","thread":"http-nio-8080-exec-8","logger":"org.hibernate.SQL","message":"
    select
        u1_0.id,
        u1_0.active,
        u1_0.age,
        u1_0.created_at,
        u1_0.current_onboarding_step,
        u1_0.date_of_birth,
        u1_0.didit_last_checked_at,
        u1_0.didit_session_id,
        u1_0.didit_status,
        u1_0.didit_verification_id,
        u1_0.failed_otp_attempts,
        u1_0.firebase_uid,
        u1_0.full_name,
        u1_0.gender,
        u1_0.is_kyc_verified,
        u1_0.last_login,
        u1_0.last_onboarding_update,
        u1_0.last_otp_request,
        u1_0.mobile,
        u1_0.mobile_number,
        u1_0.mobile_verified,
        u1_0.name,
        u1_0.onboarding_completed,
        u1_0.otp_verified,
        u1_0.otp_verified_on,
        u1_0.password_hash,
        u1_0.payment_screenshot_url,
        u1_0.paymentutr,
        u1_0.profile_photo_url,
        u1_0.registration_completed,
        u1_0.registration_stage,
        u1_0.registration_type,
        u1_0.role,
        u1_0.subscription_plan_id,
        u1_0.subscription_status,
        u1_0.updated_at,
        u1_0.verification_status,
        u1_0.verified_on 
    from
        users u1_0 
    where
        u1_0.id=?"}
Hibernate: 
    select
        u1_0.id,
        u1_0.active,
        u1_0.age,
        u1_0.created_at,
        u1_0.current_onboarding_step,
        u1_0.date_of_birth,
        u1_0.didit_last_checked_at,
        u1_0.didit_session_id,
        u1_0.didit_status,
        u1_0.didit_verification_id,
        u1_0.failed_otp_attempts,
        u1_0.firebase_uid,
        u1_0.full_name,
        u1_0.gender,
        u1_0.is_kyc_verified,
        u1_0.last_login,
        u1_0.last_onboarding_update,
        u1_0.last_otp_request,
        u1_0.mobile,
        u1_0.mobile_number,
        u1_0.mobile_verified,
        u1_0.name,
        u1_0.onboarding_completed,
        u1_0.otp_verified,
        u1_0.otp_verified_on,
        u1_0.password_hash,
        u1_0.payment_screenshot_url,
        u1_0.paymentutr,
        u1_0.profile_photo_url,
        u1_0.registration_completed,
        u1_0.registration_stage,
        u1_0.registration_type,
        u1_0.role,
        u1_0.subscription_plan_id,
        u1_0.subscription_status,
        u1_0.updated_at,
        u1_0.verification_status,
        u1_0.verified_on 
    from
        users u1_0 
    where
        u1_0.id=?
{"timestamp":"2026-08-31T02:02:25.599+05:30","level":"DEBUG","thread":"http-nio-8080-exec-6","logger":"org.hibernate.SQL","message":"
    select
        op1_0.id,
        op1_0.average_rating,
        op1_0.created_at,
        op1_0.mobile,
        op1_0.name,
        op1_0.preferences,
        op1_0.profile_photo_url,
        op1_0.ratings_count,
        op1_0.updated_at,
        op1_0.user_id,
        op1_0.verification_status,
        op1_0.verified 
    from
        owner_profiles op1_0 
    where
        op1_0.user_id=?"}
Hibernate: 
    select
        op1_0.id,
        op1_0.average_rating,
        op1_0.created_at,
        op1_0.mobile,
        op1_0.name,
        op1_0.preferences,
        op1_0.profile_photo_url,
        op1_0.ratings_count,
        op1_0.updated_at,
        op1_0.user_id,
        op1_0.verification_status,
        op1_0.verified 
    from
        owner_profiles op1_0 
    where
        op1_0.user_id=?
{"timestamp":"2026-08-31T02:02:25.601+05:30","level":"DEBUG","thread":"http-nio-8080-exec-10","logger":"org.springframework.jdbc.datasource.DataSourceUtils","message":"Resetting read-only flag of JDBC Connection [HikariProxyConnection@821124510 wrapping com.mysql.cj.jdbc.ConnectionImpl@65eaec1e]"}
{"timestamp":"2026-08-31T02:02:25.605+05:30","level":"DEBUG","thread":"http-nio-8080-exec-8","logger":"org.springframework.jdbc.datasource.DataSourceUtils","message":"Resetting read-only flag of JDBC Connection [HikariProxyConnection@1837051519 wrapping com.mysql.cj.jdbc.ConnectionImpl@5c51351]"}
{"timestamp":"2026-08-31T02:02:25.607+05:30","level":"DEBUG","thread":"http-nio-8080-exec-6","logger":"org.hibernate.SQL","message":"
    select
        u1_0.id,
        u1_0.active,
        u1_0.age,
        u1_0.created_at,
        u1_0.current_onboarding_step,
        u1_0.date_of_birth,
        u1_0.didit_last_checked_at,
        u1_0.didit_session_id,
        u1_0.didit_status,
        u1_0.didit_verification_id,
        u1_0.failed_otp_attempts,
        u1_0.firebase_uid,
        u1_0.full_name,
        u1_0.gender,
        u1_0.is_kyc_verified,
        u1_0.last_login,
        u1_0.last_onboarding_update,
        u1_0.last_otp_request,
        u1_0.mobile,
        u1_0.mobile_number,
        u1_0.mobile_verified,
        u1_0.name,
        u1_0.onboarding_completed,
        u1_0.otp_verified,
        u1_0.otp_verified_on,
        u1_0.password_hash,
        u1_0.payment_screenshot_url,
        u1_0.paymentutr,
        u1_0.profile_photo_url,
        u1_0.registration_completed,
        u1_0.registration_stage,
        u1_0.registration_type,
        u1_0.role,
        u1_0.subscription_plan_id,
        u1_0.subscription_status,
        u1_0.updated_at,
        u1_0.verification_status,
        u1_0.verified_on 
    from
        users u1_0 
    where
        u1_0.id=?"}
Hibernate: 
    select
        u1_0.id,
        u1_0.active,
        u1_0.age,
        u1_0.created_at,
        u1_0.current_onboarding_step,
        u1_0.date_of_birth,
        u1_0.didit_last_checked_at,
        u1_0.didit_session_id,
        u1_0.didit_status,
        u1_0.didit_verification_id,
        u1_0.failed_otp_attempts,
        u1_0.firebase_uid,
        u1_0.full_name,
        u1_0.gender,
        u1_0.is_kyc_verified,
        u1_0.last_login,
        u1_0.last_onboarding_update,
        u1_0.last_otp_request,
        u1_0.mobile,
        u1_0.mobile_number,
        u1_0.mobile_verified,
        u1_0.name,
        u1_0.onboarding_completed,
        u1_0.otp_verified,
        u1_0.otp_verified_on,
        u1_0.password_hash,
        u1_0.payment_screenshot_url,
        u1_0.paymentutr,
        u1_0.profile_photo_url,
        u1_0.registration_completed,
        u1_0.registration_stage,
        u1_0.registration_type,
        u1_0.role,
        u1_0.subscription_plan_id,
        u1_0.subscription_status,
        u1_0.updated_at,
        u1_0.verification_status,
        u1_0.verified_on 
    from
        users u1_0 
    where
        u1_0.id=?
{"timestamp":"2026-08-31T02:02:25.611+05:30","level":"DEBUG","thread":"http-nio-8080-exec-10","logger":"org.hibernate.SQL","message":"
    select
        op1_0.id,
        op1_0.average_rating,
        op1_0.created_at,
        op1_0.mobile,
        op1_0.name,
        op1_0.preferences,
        op1_0.profile_photo_url,
        op1_0.ratings_count,
        op1_0.updated_at,
        op1_0.user_id,
        op1_0.verification_status,
        op1_0.verified 
    from
        owner_profiles op1_0 
    where
        op1_0.user_id=?"}
{"timestamp":"2026-08-31T02:02:25.611+05:30","level":"DEBUG","thread":"http-nio-8080-exec-8","logger":"org.hibernate.SQL","message":"
    select
        op1_0.id,
        op1_0.average_rating,
        op1_0.created_at,
        op1_0.mobile,
        op1_0.name,
        op1_0.preferences,
        op1_0.profile_photo_url,
        op1_0.ratings_count,
        op1_0.updated_at,
        op1_0.user_id,
        op1_0.verification_status,
        op1_0.verified 
    from
        owner_profiles op1_0 
    where
        op1_0.user_id=?"}
Hibernate: 
    select
        op1_0.id,
        op1_0.average_rating,
        op1_0.created_at,
        op1_0.mobile,
        op1_0.name,
        op1_0.preferences,
        op1_0.profile_photo_url,
        op1_0.ratings_count,
        op1_0.updated_at,
        op1_0.user_id,
        op1_0.verification_status,
        op1_0.verified 
    from
        owner_profiles op1_0 
    where
        op1_0.user_id=?
Hibernate: 
    select
        op1_0.id,
        op1_0.average_rating,
        op1_0.created_at,
        op1_0.mobile,
        op1_0.name,
        op1_0.preferences,
        op1_0.profile_photo_url,
        op1_0.ratings_count,
        op1_0.updated_at,
        op1_0.user_id,
        op1_0.verification_status,
        op1_0.verified 
    from
        owner_profiles op1_0 
    where
        op1_0.user_id=?
{"timestamp":"2026-08-31T02:02:25.623+05:30","level":"DEBUG","thread":"http-nio-8080-exec-10","logger":"org.hibernate.SQL","message":"
    select
        u1_0.id,
        u1_0.active,
        u1_0.age,
        u1_0.created_at,
        u1_0.current_onboarding_step,
        u1_0.date_of_birth,
        u1_0.didit_last_checked_at,
        u1_0.didit_session_id,
        u1_0.didit_status,
        u1_0.didit_verification_id,
        u1_0.failed_otp_attempts,
        u1_0.firebase_uid,
        u1_0.full_name,
        u1_0.gender,
        u1_0.is_kyc_verified,
        u1_0.last_login,
        u1_0.last_onboarding_update,
        u1_0.last_otp_request,
        u1_0.mobile,
        u1_0.mobile_number,
        u1_0.mobile_verified,
        u1_0.name,
        u1_0.onboarding_completed,
        u1_0.otp_verified,
        u1_0.otp_verified_on,
        u1_0.password_hash,
        u1_0.payment_screenshot_url,
        u1_0.paymentutr,
        u1_0.profile_photo_url,
        u1_0.registration_completed,
        u1_0.registration_stage,
        u1_0.registration_type,
        u1_0.role,
        u1_0.subscription_plan_id,
        u1_0.subscription_status,
        u1_0.updated_at,
        u1_0.verification_status,
        u1_0.verified_on 
    from
        users u1_0 
    where
        u1_0.id=?"}
Hibernate: 
    select
        u1_0.id,
        u1_0.active,
        u1_0.age,
        u1_0.created_at,
        u1_0.current_onboarding_step,
        u1_0.date_of_birth,
        u1_0.didit_last_checked_at,
        u1_0.didit_session_id,
        u1_0.didit_status,
        u1_0.didit_verification_id,
        u1_0.failed_otp_attempts,
        u1_0.firebase_uid,
        u1_0.full_name,
        u1_0.gender,
        u1_0.is_kyc_verified,
        u1_0.last_login,
        u1_0.last_onboarding_update,
        u1_0.last_otp_request,
        u1_0.mobile,
        u1_0.mobile_number,
        u1_0.mobile_verified,
        u1_0.name,
        u1_0.onboarding_completed,
        u1_0.otp_verified,
        u1_0.otp_verified_on,
        u1_0.password_hash,
        u1_0.payment_screenshot_url,
        u1_0.paymentutr,
        u1_0.profile_photo_url,
        u1_0.registration_completed,
        u1_0.registration_stage,
        u1_0.registration_type,
        u1_0.role,
        u1_0.subscription_plan_id,
        u1_0.subscription_status,
        u1_0.updated_at,
        u1_0.verification_status,
        u1_0.verified_on 
    from
        users u1_0 
    where
        u1_0.id=?
{"timestamp":"2026-08-31T02:02:25.625+05:30","level":"DEBUG","thread":"http-nio-8080-exec-8","logger":"org.hibernate.SQL","message":"
    select
        u1_0.id,
        u1_0.active,
        u1_0.age,
        u1_0.created_at,
        u1_0.current_onboarding_step,
        u1_0.date_of_birth,
        u1_0.didit_last_checked_at,
        u1_0.didit_session_id,
        u1_0.didit_status,
        u1_0.didit_verification_id,
        u1_0.failed_otp_attempts,
        u1_0.firebase_uid,
        u1_0.full_name,
        u1_0.gender,
        u1_0.is_kyc_verified,
        u1_0.last_login,
        u1_0.last_onboarding_update,
        u1_0.last_otp_request,
        u1_0.mobile,
        u1_0.mobile_number,
        u1_0.mobile_verified,
        u1_0.name,
        u1_0.onboarding_completed,
        u1_0.otp_verified,
        u1_0.otp_verified_on,
        u1_0.password_hash,
        u1_0.payment_screenshot_url,
        u1_0.paymentutr,
        u1_0.profile_photo_url,
        u1_0.registration_completed,
        u1_0.registration_stage,
        u1_0.registration_type,
        u1_0.role,
        u1_0.subscription_plan_id,
        u1_0.subscription_status,
        u1_0.updated_at,
        u1_0.verification_status,
        u1_0.verified_on 
    from
        users u1_0 
    where
        u1_0.id=?"}
Hibernate: 
    select
        u1_0.id,
        u1_0.active,
        u1_0.age,
        u1_0.created_at,
        u1_0.current_onboarding_step,
        u1_0.date_of_birth,
        u1_0.didit_last_checked_at,
        u1_0.didit_session_id,
        u1_0.didit_status,
        u1_0.didit_verification_id,
        u1_0.failed_otp_attempts,
        u1_0.firebase_uid,
        u1_0.full_name,
        u1_0.gender,
        u1_0.is_kyc_verified,
        u1_0.last_login,
        u1_0.last_onboarding_update,
        u1_0.last_otp_request,
        u1_0.mobile,
        u1_0.mobile_number,
        u1_0.mobile_verified,
        u1_0.name,
        u1_0.onboarding_completed,
        u1_0.otp_verified,
        u1_0.otp_verified_on,
        u1_0.password_hash,
        u1_0.payment_screenshot_url,
        u1_0.paymentutr,
        u1_0.profile_photo_url,
        u1_0.registration_completed,
        u1_0.registration_stage,
        u1_0.registration_type,
        u1_0.role,
        u1_0.subscription_plan_id,
        u1_0.subscription_status,
        u1_0.updated_at,
        u1_0.verification_status,
        u1_0.verified_on 
    from
        users u1_0 
    where
        u1_0.id=?
{"timestamp":"2026-08-31T02:02:25.625+05:30","level":"DEBUG","thread":"http-nio-8080-exec-6","logger":"org.springframework.jdbc.datasource.DataSourceUtils","message":"Setting JDBC Connection [HikariProxyConnection@626457347 wrapping com.mysql.cj.jdbc.ConnectionImpl@3275a47f] read-only"}
{"timestamp":"2026-08-31T02:02:25.632+05:30","level":"DEBUG","thread":"http-nio-8080-exec-6","logger":"org.hibernate.SQL","message":"
    select
        u1_0.id,
        u1_0.active,
        u1_0.age,
        u1_0.created_at,
        u1_0.current_onboarding_step,
        u1_0.date_of_birth,
        u1_0.didit_last_checked_at,
        u1_0.didit_session_id,
        u1_0.didit_status,
        u1_0.didit_verification_id,
        u1_0.failed_otp_attempts,
        u1_0.firebase_uid,
        u1_0.full_name,
        u1_0.gender,
        u1_0.is_kyc_verified,
        u1_0.last_login,
        u1_0.last_onboarding_update,
        u1_0.last_otp_request,
        u1_0.mobile,
        u1_0.mobile_number,
        u1_0.mobile_verified,
        u1_0.name,
        u1_0.onboarding_completed,
        u1_0.otp_verified,
        u1_0.otp_verified_on,
        u1_0.password_hash,
        u1_0.payment_screenshot_url,
        u1_0.paymentutr,
        u1_0.profile_photo_url,
        u1_0.registration_completed,
        u1_0.registration_stage,
        u1_0.registration_type,
        u1_0.role,
        u1_0.subscription_plan_id,
        u1_0.subscription_status,
        u1_0.updated_at,
        u1_0.verification_status,
        u1_0.verified_on 
    from
        users u1_0 
    where
        u1_0.id=?"}
Hibernate: 
    select
        u1_0.id,
        u1_0.active,
        u1_0.age,
        u1_0.created_at,
        u1_0.current_onboarding_step,
        u1_0.date_of_birth,
        u1_0.didit_last_checked_at,
        u1_0.didit_session_id,
        u1_0.didit_status,
        u1_0.didit_verification_id,
        u1_0.failed_otp_attempts,
        u1_0.firebase_uid,
        u1_0.full_name,
        u1_0.gender,
        u1_0.is_kyc_verified,
        u1_0.last_login,
        u1_0.last_onboarding_update,
        u1_0.last_otp_request,
        u1_0.mobile,
        u1_0.mobile_number,
        u1_0.mobile_verified,
        u1_0.name,
        u1_0.onboarding_completed,
        u1_0.otp_verified,
        u1_0.otp_verified_on,
        u1_0.password_hash,
        u1_0.payment_screenshot_url,
        u1_0.paymentutr,
        u1_0.profile_photo_url,
        u1_0.registration_completed,
        u1_0.registration_stage,
        u1_0.registration_type,
        u1_0.role,
        u1_0.subscription_plan_id,
        u1_0.subscription_status,
        u1_0.updated_at,
        u1_0.verification_status,
        u1_0.verified_on 
    from
        users u1_0 
    where
        u1_0.id=?
{"timestamp":"2026-08-31T02:02:25.645+05:30","level":"DEBUG","thread":"http-nio-8080-exec-6","logger":"org.springframework.jdbc.datasource.DataSourceUtils","message":"Resetting read-only flag of JDBC Connection [HikariProxyConnection@626457347 wrapping com.mysql.cj.jdbc.ConnectionImpl@3275a47f]"}
{"timestamp":"2026-08-31T02:02:25.648+05:30","level":"DEBUG","thread":"http-nio-8080-exec-10","logger":"org.hibernate.SQL","message":"
    select
        s1_0.id,
        s1_0.amount,
        s1_0.created_at,
        s1_0.currency,
        s1_0.expires_at,
        s1_0.owner_id,
        o1_0.id,
        o1_0.average_rating,
        o1_0.created_at,
        o1_0.mobile,
        o1_0.name,
        o1_0.preferences,
        o1_0.profile_photo_url,
        o1_0.ratings_count,
        o1_0.updated_at,
        o1_0.user_id,
        u1_0.id,
        u1_0.active,
        u1_0.age,
        u1_0.created_at,
        u1_0.current_onboarding_step,
        u1_0.date_of_birth,
        u1_0.didit_last_checked_at,
        u1_0.didit_session_id,
        u1_0.didit_status,
        u1_0.didit_verification_id,
        u1_0.failed_otp_attempts,
        u1_0.firebase_uid,
        u1_0.full_name,
        u1_0.gender,
        u1_0.is_kyc_verified,
        u1_0.last_login,
        u1_0.last_onboarding_update,
        u1_0.last_otp_request,
        u1_0.mobile,
        u1_0.mobile_number,
        u1_0.mobile_verified,
        u1_0.name,
        u1_0.onboarding_completed,
        u1_0.otp_verified,
        u1_0.otp_verified_on,
        u1_0.password_hash,
        u1_0.payment_screenshot_url,
        u1_0.paymentutr,
        u1_0.profile_photo_url,
        u1_0.registration_completed,
        u1_0.registration_stage,
        u1_0.registration_type,
        u1_0.role,
        u1_0.subscription_plan_id,
        u1_0.subscription_status,
        u1_0.updated_at,
        u1_0.verification_status,
        u1_0.verified_on,
        o1_0.verification_status,
        o1_0.verified,
        s1_0.payment_date,
        s1_0.plan_id,
        p1_0.id,
        p1_0.active,
        p1_0.amount_paise,
        p1_0.code,
        p1_0.created_at,
        p1_0.currency,
        p1_0.description,
        p1_0.duration_months,
        p1_0.name,
        p1_0.updated_at,
        s1_0.provider,
        s1_0.provider_payment_id,
        s1_0.rejection_comment,
        s1_0.reviewed_at,
        s1_0.starts_at,
        s1_0.status,
        s1_0.updated_at,
        s1_0.utr_number 
    from
        subscriptions s1_0 
    join
        owner_profiles o1_0 
            on o1_0.id=s1_0.owner_id 
    join
        users u1_0 
            on u1_0.id=o1_0.user_id 
    join
        subscription_plans p1_0 
            on p1_0.id=s1_0.plan_id"}
Hibernate: 
    select
        s1_0.id,
        s1_0.amount,
        s1_0.created_at,
        s1_0.currency,
        s1_0.expires_at,
        s1_0.owner_id,
        o1_0.id,
        o1_0.average_rating,
        o1_0.created_at,
        o1_0.mobile,
        o1_0.name,
        o1_0.preferences,
        o1_0.profile_photo_url,
        o1_0.ratings_count,
        o1_0.updated_at,
        o1_0.user_id,
        u1_0.id,
        u1_0.active,
        u1_0.age,
        u1_0.created_at,
        u1_0.current_onboarding_step,
        u1_0.date_of_birth,
        u1_0.didit_last_checked_at,
        u1_0.didit_session_id,
        u1_0.didit_status,
        u1_0.didit_verification_id,
        u1_0.failed_otp_attempts,
        u1_0.firebase_uid,
        u1_0.full_name,
        u1_0.gender,
        u1_0.is_kyc_verified,
        u1_0.last_login,
        u1_0.last_onboarding_update,
        u1_0.last_otp_request,
        u1_0.mobile,
        u1_0.mobile_number,
        u1_0.mobile_verified,
        u1_0.name,
        u1_0.onboarding_completed,
        u1_0.otp_verified,
        u1_0.otp_verified_on,
        u1_0.password_hash,
        u1_0.payment_screenshot_url,
        u1_0.paymentutr,
        u1_0.profile_photo_url,
        u1_0.registration_completed,
        u1_0.registration_stage,
        u1_0.registration_type,
        u1_0.role,
        u1_0.subscription_plan_id,
        u1_0.subscription_status,
        u1_0.updated_at,
        u1_0.verification_status,
        u1_0.verified_on,
        o1_0.verification_status,
        o1_0.verified,
        s1_0.payment_date,
        s1_0.plan_id,
        p1_0.id,
        p1_0.active,
        p1_0.amount_paise,
        p1_0.code,
        p1_0.created_at,
        p1_0.currency,
        p1_0.description,
        p1_0.duration_months,
        p1_0.name,
        p1_0.updated_at,
        s1_0.provider,
        s1_0.provider_payment_id,
        s1_0.rejection_comment,
        s1_0.reviewed_at,
        s1_0.starts_at,
        s1_0.status,
        s1_0.updated_at,
        s1_0.utr_number 
    from
        subscriptions s1_0 
    join
        owner_profiles o1_0 
            on o1_0.id=s1_0.owner_id 
    join
        users u1_0 
            on u1_0.id=o1_0.user_id 
    join
        subscription_plans p1_0 
            on p1_0.id=s1_0.plan_id
{"timestamp":"2026-08-31T02:02:25.657+05:30","level":"DEBUG","thread":"http-nio-8080-exec-8","logger":"org.hibernate.SQL","message":"
    select
        sp1_0.id,
        sp1_0.active,
        sp1_0.amount_paise,
        sp1_0.code,
        sp1_0.created_at,
        sp1_0.currency,
        sp1_0.description,
        sp1_0.duration_months,
        sp1_0.name,
        sp1_0.updated_at 
    from
        subscription_plans sp1_0 
    where
        sp1_0.active 
    order by
        sp1_0.created_at"}
Hibernate: 
    select
        sp1_0.id,
        sp1_0.active,
        sp1_0.amount_paise,
        sp1_0.code,
        sp1_0.created_at,
        sp1_0.currency,
        sp1_0.description,
        sp1_0.duration_months,
        sp1_0.name,
        sp1_0.updated_at 
    from
        subscription_plans sp1_0 
    where
        sp1_0.active 
    order by
        sp1_0.created_at
{"timestamp":"2026-08-31T02:02:25.665+05:30","level":"DEBUG","thread":"http-nio-8080-exec-10","logger":"org.hibernate.SQL","message":"
    select
        s1_0.id,
        s1_0.amount,
        s1_0.created_at,
        s1_0.currency,
        s1_0.expires_at,
        s1_0.owner_id,
        s1_0.payment_date,
        s1_0.plan_id,
        s1_0.provider,
        s1_0.provider_payment_id,
        s1_0.rejection_comment,
        s1_0.reviewed_at,
        s1_0.starts_at,
        s1_0.status,
        s1_0.updated_at,
        s1_0.utr_number 
    from
        subscriptions s1_0 
    where
        s1_0.owner_id=? 
    order by
        s1_0.created_at desc"}
Hibernate: 
    select
        s1_0.id,
        s1_0.amount,
        s1_0.created_at,
        s1_0.currency,
        s1_0.expires_at,
        s1_0.owner_id,
        s1_0.payment_date,
        s1_0.plan_id,
        s1_0.provider,
        s1_0.provider_payment_id,
        s1_0.rejection_comment,
        s1_0.reviewed_at,
        s1_0.starts_at,
        s1_0.status,
        s1_0.updated_at,
        s1_0.utr_number 
    from
        subscriptions s1_0 
    where
        s1_0.owner_id=? 
    order by
        s1_0.created_at desc
{"timestamp":"2026-08-31T02:02:25.739+05:30","level":"DEBUG","thread":"http-nio-8080-exec-9","logger":"org.springframework.jdbc.datasource.DataSourceUtils","message":"Setting JDBC Connection [HikariProxyConnection@802545661 wrapping com.mysql.cj.jdbc.ConnectionImpl@3275a47f] read-only"}
{"timestamp":"2026-08-31T02:02:25.749+05:30","level":"DEBUG","thread":"http-nio-8080-exec-9","logger":"org.hibernate.SQL","message":"
    select
        u1_0.id,
        u1_0.active,
        u1_0.age,
        u1_0.created_at,
        u1_0.current_onboarding_step,
        u1_0.date_of_birth,
        u1_0.didit_last_checked_at,
        u1_0.didit_session_id,
        u1_0.didit_status,
        u1_0.didit_verification_id,
        u1_0.failed_otp_attempts,
        u1_0.firebase_uid,
        u1_0.full_name,
        u1_0.gender,
        u1_0.is_kyc_verified,
        u1_0.last_login,
        u1_0.last_onboarding_update,
        u1_0.last_otp_request,
        u1_0.mobile,
        u1_0.mobile_number,
        u1_0.mobile_verified,
        u1_0.name,
        u1_0.onboarding_completed,
        u1_0.otp_verified,
        u1_0.otp_verified_on,
        u1_0.password_hash,
        u1_0.payment_screenshot_url,
        u1_0.paymentutr,
        u1_0.profile_photo_url,
        u1_0.registration_completed,
        u1_0.registration_stage,
        u1_0.registration_type,
        u1_0.role,
        u1_0.subscription_plan_id,
        u1_0.subscription_status,
        u1_0.updated_at,
        u1_0.verification_status,
        u1_0.verified_on 
    from
        users u1_0 
    where
        u1_0.id=?"}
Hibernate: 
    select
        u1_0.id,
        u1_0.active,
        u1_0.age,
        u1_0.created_at,
        u1_0.current_onboarding_step,
        u1_0.date_of_birth,
        u1_0.didit_last_checked_at,
        u1_0.didit_session_id,
        u1_0.didit_status,
        u1_0.didit_verification_id,
        u1_0.failed_otp_attempts,
        u1_0.firebase_uid,
        u1_0.full_name,
        u1_0.gender,
        u1_0.is_kyc_verified,
        u1_0.last_login,
        u1_0.last_onboarding_update,
        u1_0.last_otp_request,
        u1_0.mobile,
        u1_0.mobile_number,
        u1_0.mobile_verified,
        u1_0.name,
        u1_0.onboarding_completed,
        u1_0.otp_verified,
        u1_0.otp_verified_on,
        u1_0.password_hash,
        u1_0.payment_screenshot_url,
        u1_0.paymentutr,
        u1_0.profile_photo_url,
        u1_0.registration_completed,
        u1_0.registration_stage,
        u1_0.registration_type,
        u1_0.role,
        u1_0.subscription_plan_id,
        u1_0.subscription_status,
        u1_0.updated_at,
        u1_0.verification_status,
        u1_0.verified_on 
    from
        users u1_0 
    where
        u1_0.id=?
{"timestamp":"2026-08-31T02:02:25.760+05:30","level":"DEBUG","thread":"http-nio-8080-exec-9","logger":"org.springframework.jdbc.datasource.DataSourceUtils","message":"Resetting read-only flag of JDBC Connection [HikariProxyConnection@802545661 wrapping com.mysql.cj.jdbc.ConnectionImpl@3275a47f]"}
{"timestamp":"2026-08-31T02:02:25.769+05:30","level":"DEBUG","thread":"http-nio-8080-exec-9","logger":"org.hibernate.SQL","message":"
    select
        op1_0.id,
        op1_0.average_rating,
        op1_0.created_at,
        op1_0.mobile,
        op1_0.name,
        op1_0.preferences,
        op1_0.profile_photo_url,
        op1_0.ratings_count,
        op1_0.updated_at,
        op1_0.user_id,
        op1_0.verification_status,
        op1_0.verified 
    from
        owner_profiles op1_0 
    where
        op1_0.user_id=?"}
Hibernate: 
    select
        op1_0.id,
        op1_0.average_rating,
        op1_0.created_at,
        op1_0.mobile,
        op1_0.name,
        op1_0.preferences,
        op1_0.profile_photo_url,
        op1_0.ratings_count,
        op1_0.updated_at,
        op1_0.user_id,
        op1_0.verification_status,
        op1_0.verified 
    from
        owner_profiles op1_0 
    where
        op1_0.user_id=?
{"timestamp":"2026-08-31T02:02:25.775+05:30","level":"DEBUG","thread":"http-nio-8080-exec-9","logger":"org.hibernate.SQL","message":"
    select
        u1_0.id,
        u1_0.active,
        u1_0.age,
        u1_0.created_at,
        u1_0.current_onboarding_step,
        u1_0.date_of_birth,
        u1_0.didit_last_checked_at,
        u1_0.didit_session_id,
        u1_0.didit_status,
        u1_0.didit_verification_id,
        u1_0.failed_otp_attempts,
        u1_0.firebase_uid,
        u1_0.full_name,
        u1_0.gender,
        u1_0.is_kyc_verified,
        u1_0.last_login,
        u1_0.last_onboarding_update,
        u1_0.last_otp_request,
        u1_0.mobile,
        u1_0.mobile_number,
        u1_0.mobile_verified,
        u1_0.name,
        u1_0.onboarding_completed,
        u1_0.otp_verified,
        u1_0.otp_verified_on,
        u1_0.password_hash,
        u1_0.payment_screenshot_url,
        u1_0.paymentutr,
        u1_0.profile_photo_url,
        u1_0.registration_completed,
        u1_0.registration_stage,
        u1_0.registration_type,
        u1_0.role,
        u1_0.subscription_plan_id,
        u1_0.subscription_status,
        u1_0.updated_at,
        u1_0.verification_status,
        u1_0.verified_on 
    from
        users u1_0 
    where
        u1_0.id=?"}
Hibernate: 
    select
        u1_0.id,
        u1_0.active,
        u1_0.age,
        u1_0.created_at,
        u1_0.current_onboarding_step,
        u1_0.date_of_birth,
        u1_0.didit_last_checked_at,
        u1_0.didit_session_id,
        u1_0.didit_status,
        u1_0.didit_verification_id,
        u1_0.failed_otp_attempts,
        u1_0.firebase_uid,
        u1_0.full_name,
        u1_0.gender,
        u1_0.is_kyc_verified,
        u1_0.last_login,
        u1_0.last_onboarding_update,
        u1_0.last_otp_request,
        u1_0.mobile,
        u1_0.mobile_number,
        u1_0.mobile_verified,
        u1_0.name,
        u1_0.onboarding_completed,
        u1_0.otp_verified,
        u1_0.otp_verified_on,
        u1_0.password_hash,
        u1_0.payment_screenshot_url,
        u1_0.paymentutr,
        u1_0.profile_photo_url,
        u1_0.registration_completed,
        u1_0.registration_stage,
        u1_0.registration_type,
        u1_0.role,
        u1_0.subscription_plan_id,
        u1_0.subscription_status,
        u1_0.updated_at,
        u1_0.verification_status,
        u1_0.verified_on 
    from
        users u1_0 
    where
        u1_0.id=?
{"timestamp":"2026-08-31T02:02:25.794+05:30","level":"DEBUG","thread":"http-nio-8080-exec-9","logger":"org.springframework.jdbc.datasource.DataSourceUtils","message":"Setting JDBC Connection [HikariProxyConnection@1917101912 wrapping com.mysql.cj.jdbc.ConnectionImpl@3275a47f] read-only"}
{"timestamp":"2026-08-31T02:02:25.798+05:30","level":"DEBUG","thread":"http-nio-8080-exec-9","logger":"org.hibernate.SQL","message":"
    select
        u1_0.id,
        u1_0.active,
        u1_0.age,
        u1_0.created_at,
        u1_0.current_onboarding_step,
        u1_0.date_of_birth,
        u1_0.didit_last_checked_at,
        u1_0.didit_session_id,
        u1_0.didit_status,
        u1_0.didit_verification_id,
        u1_0.failed_otp_attempts,
        u1_0.firebase_uid,
        u1_0.full_name,
        u1_0.gender,
        u1_0.is_kyc_verified,
        u1_0.last_login,
        u1_0.last_onboarding_update,
        u1_0.last_otp_request,
        u1_0.mobile,
        u1_0.mobile_number,
        u1_0.mobile_verified,
        u1_0.name,
        u1_0.onboarding_completed,
        u1_0.otp_verified,
        u1_0.otp_verified_on,
        u1_0.password_hash,
        u1_0.payment_screenshot_url,
        u1_0.paymentutr,
        u1_0.profile_photo_url,
        u1_0.registration_completed,
        u1_0.registration_stage,
        u1_0.registration_type,
        u1_0.role,
        u1_0.subscription_plan_id,
        u1_0.subscription_status,
        u1_0.updated_at,
        u1_0.verification_status,
        u1_0.verified_on 
    from
        users u1_0 
    where
        u1_0.id=?"}
Hibernate: 
    select
        u1_0.id,
        u1_0.active,
        u1_0.age,
        u1_0.created_at,
        u1_0.current_onboarding_step,
        u1_0.date_of_birth,
        u1_0.didit_last_checked_at,
        u1_0.didit_session_id,
        u1_0.didit_status,
        u1_0.didit_verification_id,
        u1_0.failed_otp_attempts,
        u1_0.firebase_uid,
        u1_0.full_name,
        u1_0.gender,
        u1_0.is_kyc_verified,
        u1_0.last_login,
        u1_0.last_onboarding_update,
        u1_0.last_otp_request,
        u1_0.mobile,
        u1_0.mobile_number,
        u1_0.mobile_verified,
        u1_0.name,
        u1_0.onboarding_completed,
        u1_0.otp_verified,
        u1_0.otp_verified_on,
        u1_0.password_hash,
        u1_0.payment_screenshot_url,
        u1_0.paymentutr,
        u1_0.profile_photo_url,
        u1_0.registration_completed,
        u1_0.registration_stage,
        u1_0.registration_type,
        u1_0.role,
        u1_0.subscription_plan_id,
        u1_0.subscription_status,
        u1_0.updated_at,
        u1_0.verification_status,
        u1_0.verified_on 
    from
        users u1_0 
    where
        u1_0.id=?
{"timestamp":"2026-08-31T02:02:25.814+05:30","level":"DEBUG","thread":"http-nio-8080-exec-9","logger":"org.springframework.jdbc.datasource.DataSourceUtils","message":"Resetting read-only flag of JDBC Connection [HikariProxyConnection@1917101912 wrapping com.mysql.cj.jdbc.ConnectionImpl@3275a47f]"}
{"timestamp":"2026-08-31T02:02:31.838+05:30","level":"DEBUG","thread":"http-nio-8080-exec-2","logger":"org.springframework.jdbc.datasource.DataSourceUtils","message":"Setting JDBC Connection [HikariProxyConnection@1330757618 wrapping com.mysql.cj.jdbc.ConnectionImpl@3275a47f] read-only"}
{"timestamp":"2026-08-31T02:02:31.844+05:30","level":"DEBUG","thread":"http-nio-8080-exec-2","logger":"org.hibernate.SQL","message":"
    select
        u1_0.id,
        u1_0.active,
        u1_0.age,
        u1_0.created_at,
        u1_0.current_onboarding_step,
        u1_0.date_of_birth,
        u1_0.didit_last_checked_at,
        u1_0.didit_session_id,
        u1_0.didit_status,
        u1_0.didit_verification_id,
        u1_0.failed_otp_attempts,
        u1_0.firebase_uid,
        u1_0.full_name,
        u1_0.gender,
        u1_0.is_kyc_verified,
        u1_0.last_login,
        u1_0.last_onboarding_update,
        u1_0.last_otp_request,
        u1_0.mobile,
        u1_0.mobile_number,
        u1_0.mobile_verified,
        u1_0.name,
        u1_0.onboarding_completed,
        u1_0.otp_verified,
        u1_0.otp_verified_on,
        u1_0.password_hash,
        u1_0.payment_screenshot_url,
        u1_0.paymentutr,
        u1_0.profile_photo_url,
        u1_0.registration_completed,
        u1_0.registration_stage,
        u1_0.registration_type,
        u1_0.role,
        u1_0.subscription_plan_id,
        u1_0.subscription_status,
        u1_0.updated_at,
        u1_0.verification_status,
        u1_0.verified_on 
    from
        users u1_0 
    where
        u1_0.id=?"}
Hibernate: 
    select
        u1_0.id,
        u1_0.active,
        u1_0.age,
        u1_0.created_at,
        u1_0.current_onboarding_step,
        u1_0.date_of_birth,
        u1_0.didit_last_checked_at,
        u1_0.didit_session_id,
        u1_0.didit_status,
        u1_0.didit_verification_id,
        u1_0.failed_otp_attempts,
        u1_0.firebase_uid,
        u1_0.full_name,
        u1_0.gender,
        u1_0.is_kyc_verified,
        u1_0.last_login,
        u1_0.last_onboarding_update,
        u1_0.last_otp_request,
        u1_0.mobile,
        u1_0.mobile_number,
        u1_0.mobile_verified,
        u1_0.name,
        u1_0.onboarding_completed,
        u1_0.otp_verified,
        u1_0.otp_verified_on,
        u1_0.password_hash,
        u1_0.payment_screenshot_url,
        u1_0.paymentutr,
        u1_0.profile_photo_url,
        u1_0.registration_completed,
        u1_0.registration_stage,
        u1_0.registration_type,
        u1_0.role,
        u1_0.subscription_plan_id,
        u1_0.subscription_status,
        u1_0.updated_at,
        u1_0.verification_status,
        u1_0.verified_on 
    from
        users u1_0 
    where
        u1_0.id=?
{"timestamp":"2026-08-31T02:02:31.857+05:30","level":"DEBUG","thread":"http-nio-8080-exec-2","logger":"org.springframework.jdbc.datasource.DataSourceUtils","message":"Resetting read-only flag of JDBC Connection [HikariProxyConnection@1330757618 wrapping com.mysql.cj.jdbc.ConnectionImpl@3275a47f]"}
{"timestamp":"2026-08-31T02:02:31.865+05:30","level":"DEBUG","thread":"http-nio-8080-exec-2","logger":"org.hibernate.SQL","message":"
    select
        op1_0.id,
        op1_0.average_rating,
        op1_0.created_at,
        op1_0.mobile,
        op1_0.name,
        op1_0.preferences,
        op1_0.profile_photo_url,
        op1_0.ratings_count,
        op1_0.updated_at,
        op1_0.user_id,
        op1_0.verification_status,
        op1_0.verified 
    from
        owner_profiles op1_0 
    where
        op1_0.user_id=?"}
Hibernate: 
    select
        op1_0.id,
        op1_0.average_rating,
        op1_0.created_at,
        op1_0.mobile,
        op1_0.name,
        op1_0.preferences,
        op1_0.profile_photo_url,
        op1_0.ratings_count,
        op1_0.updated_at,
        op1_0.user_id,
        op1_0.verification_status,
        op1_0.verified 
    from
        owner_profiles op1_0 
    where
        op1_0.user_id=?
{"timestamp":"2026-08-31T02:02:31.873+05:30","level":"DEBUG","thread":"http-nio-8080-exec-2","logger":"org.hibernate.SQL","message":"
    select
        u1_0.id,
        u1_0.active,
        u1_0.age,
        u1_0.created_at,
        u1_0.current_onboarding_step,
        u1_0.date_of_birth,
        u1_0.didit_last_checked_at,
        u1_0.didit_session_id,
        u1_0.didit_status,
        u1_0.didit_verification_id,
        u1_0.failed_otp_attempts,
        u1_0.firebase_uid,
        u1_0.full_name,
        u1_0.gender,
        u1_0.is_kyc_verified,
        u1_0.last_login,
        u1_0.last_onboarding_update,
        u1_0.last_otp_request,
        u1_0.mobile,
        u1_0.mobile_number,
        u1_0.mobile_verified,
        u1_0.name,
        u1_0.onboarding_completed,
        u1_0.otp_verified,
        u1_0.otp_verified_on,
        u1_0.password_hash,
        u1_0.payment_screenshot_url,
        u1_0.paymentutr,
        u1_0.profile_photo_url,
        u1_0.registration_completed,
        u1_0.registration_stage,
        u1_0.registration_type,
        u1_0.role,
        u1_0.subscription_plan_id,
        u1_0.subscription_status,
        u1_0.updated_at,
        u1_0.verification_status,
        u1_0.verified_on 
    from
        users u1_0 
    where
        u1_0.id=?"}
Hibernate: 
    select
        u1_0.id,
        u1_0.active,
        u1_0.age,
        u1_0.created_at,
        u1_0.current_onboarding_step,
        u1_0.date_of_birth,
        u1_0.didit_last_checked_at,
        u1_0.didit_session_id,
        u1_0.didit_status,
        u1_0.didit_verification_id,
        u1_0.failed_otp_attempts,
        u1_0.firebase_uid,
        u1_0.full_name,
        u1_0.gender,
        u1_0.is_kyc_verified,
        u1_0.last_login,
        u1_0.last_onboarding_update,
        u1_0.last_otp_request,
        u1_0.mobile,
        u1_0.mobile_number,
        u1_0.mobile_verified,
        u1_0.name,
        u1_0.onboarding_completed,
        u1_0.otp_verified,
        u1_0.otp_verified_on,
        u1_0.password_hash,
        u1_0.payment_screenshot_url,
        u1_0.paymentutr,
        u1_0.profile_photo_url,
        u1_0.registration_completed,
        u1_0.registration_stage,
        u1_0.registration_type,
        u1_0.role,
        u1_0.subscription_plan_id,
        u1_0.subscription_status,
        u1_0.updated_at,
        u1_0.verification_status,
        u1_0.verified_on 
    from
        users u1_0 
    where
        u1_0.id=?
{"timestamp":"2026-08-31T02:02:32.179+05:30","level":"DEBUG","thread":"http-nio-8080-exec-2","logger":"org.hibernate.SQL","message":"
    select
        s1_0.id,
        s1_0.amount,
        s1_0.created_at,
        s1_0.currency,
        s1_0.expires_at,
        s1_0.owner_id,
        o1_0.id,
        o1_0.average_rating,
        o1_0.created_at,
        o1_0.mobile,
        o1_0.name,
        o1_0.preferences,
        o1_0.profile_photo_url,
        o1_0.ratings_count,
        o1_0.updated_at,
        o1_0.user_id,
        u1_0.id,
        u1_0.active,
        u1_0.age,
        u1_0.created_at,
        u1_0.current_onboarding_step,
        u1_0.date_of_birth,
        u1_0.didit_last_checked_at,
        u1_0.didit_session_id,
        u1_0.didit_status,
        u1_0.didit_verification_id,
        u1_0.failed_otp_attempts,
        u1_0.firebase_uid,
        u1_0.full_name,
        u1_0.gender,
        u1_0.is_kyc_verified,
        u1_0.last_login,
        u1_0.last_onboarding_update,
        u1_0.last_otp_request,
        u1_0.mobile,
        u1_0.mobile_number,
        u1_0.mobile_verified,
        u1_0.name,
        u1_0.onboarding_completed,
        u1_0.otp_verified,
        u1_0.otp_verified_on,
        u1_0.password_hash,
        u1_0.payment_screenshot_url,
        u1_0.paymentutr,
        u1_0.profile_photo_url,
        u1_0.registration_completed,
        u1_0.registration_stage,
        u1_0.registration_type,
        u1_0.role,
        u1_0.subscription_plan_id,
        u1_0.subscription_status,
        u1_0.updated_at,
        u1_0.verification_status,
        u1_0.verified_on,
        o1_0.verification_status,
        o1_0.verified,
        s1_0.payment_date,
        s1_0.plan_id,
        p1_0.id,
        p1_0.active,
        p1_0.amount_paise,
        p1_0.code,
        p1_0.created_at,
        p1_0.currency,
        p1_0.description,
        p1_0.duration_months,
        p1_0.name,
        p1_0.updated_at,
        s1_0.provider,
        s1_0.provider_payment_id,
        s1_0.rejection_comment,
        s1_0.reviewed_at,
        s1_0.starts_at,
        s1_0.status,
        s1_0.updated_at,
        s1_0.utr_number 
    from
        subscriptions s1_0 
    join
        owner_profiles o1_0 
            on o1_0.id=s1_0.owner_id 
    join
        users u1_0 
            on u1_0.id=o1_0.user_id 
    join
        subscription_plans p1_0 
            on p1_0.id=s1_0.plan_id"}
Hibernate: 
    select
        s1_0.id,
        s1_0.amount,
        s1_0.created_at,
        s1_0.currency,
        s1_0.expires_at,
        s1_0.owner_id,
        o1_0.id,
        o1_0.average_rating,
        o1_0.created_at,
        o1_0.mobile,
        o1_0.name,
        o1_0.preferences,
        o1_0.profile_photo_url,
        o1_0.ratings_count,
        o1_0.updated_at,
        o1_0.user_id,
        u1_0.id,
        u1_0.active,
        u1_0.age,
        u1_0.created_at,
        u1_0.current_onboarding_step,
        u1_0.date_of_birth,
        u1_0.didit_last_checked_at,
        u1_0.didit_session_id,
        u1_0.didit_status,
        u1_0.didit_verification_id,
        u1_0.failed_otp_attempts,
        u1_0.firebase_uid,
        u1_0.full_name,
        u1_0.gender,
        u1_0.is_kyc_verified,
        u1_0.last_login,
        u1_0.last_onboarding_update,
        u1_0.last_otp_request,
        u1_0.mobile,
        u1_0.mobile_number,
        u1_0.mobile_verified,
        u1_0.name,
        u1_0.onboarding_completed,
        u1_0.otp_verified,
        u1_0.otp_verified_on,
        u1_0.password_hash,
        u1_0.payment_screenshot_url,
        u1_0.paymentutr,
        u1_0.profile_photo_url,
        u1_0.registration_completed,
        u1_0.registration_stage,
        u1_0.registration_type,
        u1_0.role,
        u1_0.subscription_plan_id,
        u1_0.subscription_status,
        u1_0.updated_at,
        u1_0.verification_status,
        u1_0.verified_on,
        o1_0.verification_status,
        o1_0.verified,
        s1_0.payment_date,
        s1_0.plan_id,
        p1_0.id,
        p1_0.active,
        p1_0.amount_paise,
        p1_0.code,
        p1_0.created_at,
        p1_0.currency,
        p1_0.description,
        p1_0.duration_months,
        p1_0.name,
        p1_0.updated_at,
        s1_0.provider,
        s1_0.provider_payment_id,
        s1_0.rejection_comment,
        s1_0.reviewed_at,
        s1_0.starts_at,
        s1_0.status,
        s1_0.updated_at,
        s1_0.utr_number 
    from
        subscriptions s1_0 
    join
        owner_profiles o1_0 
            on o1_0.id=s1_0.owner_id 
    join
        users u1_0 
            on u1_0.id=o1_0.user_id 
    join
        subscription_plans p1_0 
            on p1_0.id=s1_0.plan_id
{"timestamp":"2026-08-31T02:02:32.209+05:30","level":"DEBUG","thread":"http-nio-8080-exec-2","logger":"org.hibernate.SQL","message":"
    select
        op1_0.id,
        op1_0.average_rating,
        op1_0.created_at,
        op1_0.mobile,
        op1_0.name,
        op1_0.preferences,
        op1_0.profile_photo_url,
        op1_0.ratings_count,
        op1_0.updated_at,
        op1_0.user_id,
        u1_0.id,
        u1_0.active,
        u1_0.age,
        u1_0.created_at,
        u1_0.current_onboarding_step,
        u1_0.date_of_birth,
        u1_0.didit_last_checked_at,
        u1_0.didit_session_id,
        u1_0.didit_status,
        u1_0.didit_verification_id,
        u1_0.failed_otp_attempts,
        u1_0.firebase_uid,
        u1_0.full_name,
        u1_0.gender,
        u1_0.is_kyc_verified,
        u1_0.last_login,
        u1_0.last_onboarding_update,
        u1_0.last_otp_request,
        u1_0.mobile,
        u1_0.mobile_number,
        u1_0.mobile_verified,
        u1_0.name,
        u1_0.onboarding_completed,
        u1_0.otp_verified,
        u1_0.otp_verified_on,
        u1_0.password_hash,
        u1_0.payment_screenshot_url,
        u1_0.paymentutr,
        u1_0.profile_photo_url,
        u1_0.registration_completed,
        u1_0.registration_stage,
        u1_0.registration_type,
        u1_0.role,
        u1_0.subscription_plan_id,
        u1_0.subscription_status,
        u1_0.updated_at,
        u1_0.verification_status,
        u1_0.verified_on,
        op1_0.verification_status,
        op1_0.verified 
    from
        owner_profiles op1_0 
    join
        users u1_0 
            on u1_0.id=op1_0.user_id 
    where
        op1_0.id=?"}
Hibernate: 
    select
        op1_0.id,
        op1_0.average_rating,
        op1_0.created_at,
        op1_0.mobile,
        op1_0.name,
        op1_0.preferences,
        op1_0.profile_photo_url,
        op1_0.ratings_count,
        op1_0.updated_at,
        op1_0.user_id,
        u1_0.id,
        u1_0.active,
        u1_0.age,
        u1_0.created_at,
        u1_0.current_onboarding_step,
        u1_0.date_of_birth,
        u1_0.didit_last_checked_at,
        u1_0.didit_session_id,
        u1_0.didit_status,
        u1_0.didit_verification_id,
        u1_0.failed_otp_attempts,
        u1_0.firebase_uid,
        u1_0.full_name,
        u1_0.gender,
        u1_0.is_kyc_verified,
        u1_0.last_login,
        u1_0.last_onboarding_update,
        u1_0.last_otp_request,
        u1_0.mobile,
        u1_0.mobile_number,
        u1_0.mobile_verified,
        u1_0.name,
        u1_0.onboarding_completed,
        u1_0.otp_verified,
        u1_0.otp_verified_on,
        u1_0.password_hash,
        u1_0.payment_screenshot_url,
        u1_0.paymentutr,
        u1_0.profile_photo_url,
        u1_0.registration_completed,
        u1_0.registration_stage,
        u1_0.registration_type,
        u1_0.role,
        u1_0.subscription_plan_id,
        u1_0.subscription_status,
        u1_0.updated_at,
        u1_0.verification_status,
        u1_0.verified_on,
        op1_0.verification_status,
        op1_0.verified 
    from
        owner_profiles op1_0 
    join
        users u1_0 
            on u1_0.id=op1_0.user_id 
    where
        op1_0.id=?
{"timestamp":"2026-08-31T02:02:32.221+05:30","level":"DEBUG","thread":"http-nio-8080-exec-2","logger":"org.hibernate.SQL","message":"
    select
        sp1_0.id,
        sp1_0.active,
        sp1_0.amount_paise,
        sp1_0.code,
        sp1_0.created_at,
        sp1_0.currency,
        sp1_0.description,
        sp1_0.duration_months,
        sp1_0.name,
        sp1_0.updated_at 
    from
        subscription_plans sp1_0 
    where
        sp1_0.id=?"}
Hibernate: 
    select
        sp1_0.id,
        sp1_0.active,
        sp1_0.amount_paise,
        sp1_0.code,
        sp1_0.created_at,
        sp1_0.currency,
        sp1_0.description,
        sp1_0.duration_months,
        sp1_0.name,
        sp1_0.updated_at 
    from
        subscription_plans sp1_0 
    where
        sp1_0.id=?
{"timestamp":"2026-08-31T02:02:32.413+05:30","level":"DEBUG","thread":"http-nio-8080-exec-2","logger":"org.hibernate.SQL","message":"
    select
        u1_0.id,
        u1_0.active,
        u1_0.age,
        u1_0.created_at,
        u1_0.current_onboarding_step,
        u1_0.date_of_birth,
        u1_0.didit_last_checked_at,
        u1_0.didit_session_id,
        u1_0.didit_status,
        u1_0.didit_verification_id,
        u1_0.failed_otp_attempts,
        u1_0.firebase_uid,
        u1_0.full_name,
        u1_0.gender,
        u1_0.is_kyc_verified,
        u1_0.last_login,
        u1_0.last_onboarding_update,
        u1_0.last_otp_request,
        u1_0.mobile,
        u1_0.mobile_number,
        u1_0.mobile_verified,
        u1_0.name,
        u1_0.onboarding_completed,
        u1_0.otp_verified,
        u1_0.otp_verified_on,
        u1_0.password_hash,
        u1_0.payment_screenshot_url,
        u1_0.paymentutr,
        u1_0.profile_photo_url,
        u1_0.registration_completed,
        u1_0.registration_stage,
        u1_0.registration_type,
        u1_0.role,
        u1_0.subscription_plan_id,
        u1_0.subscription_status,
        u1_0.updated_at,
        u1_0.verification_status,
        u1_0.verified_on 
    from
        users u1_0 
    where
        u1_0.id=?"}
Hibernate: 
    select
        u1_0.id,
        u1_0.active,
        u1_0.age,
        u1_0.created_at,
        u1_0.current_onboarding_step,
        u1_0.date_of_birth,
        u1_0.didit_last_checked_at,
        u1_0.didit_session_id,
        u1_0.didit_status,
        u1_0.didit_verification_id,
        u1_0.failed_otp_attempts,
        u1_0.firebase_uid,
        u1_0.full_name,
        u1_0.gender,
        u1_0.is_kyc_verified,
        u1_0.last_login,
        u1_0.last_onboarding_update,
        u1_0.last_otp_request,
        u1_0.mobile,
        u1_0.mobile_number,
        u1_0.mobile_verified,
        u1_0.name,
        u1_0.onboarding_completed,
        u1_0.otp_verified,
        u1_0.otp_verified_on,
        u1_0.password_hash,
        u1_0.payment_screenshot_url,
        u1_0.paymentutr,
        u1_0.profile_photo_url,
        u1_0.registration_completed,
        u1_0.registration_stage,
        u1_0.registration_type,
        u1_0.role,
        u1_0.subscription_plan_id,
        u1_0.subscription_status,
        u1_0.updated_at,
        u1_0.verification_status,
        u1_0.verified_on 
    from
        users u1_0 
    where
        u1_0.id=?
{"timestamp":"2026-08-31T02:02:32.465+05:30","level":"DEBUG","thread":"http-nio-8080-exec-2","logger":"org.hibernate.SQL","message":"
    select
        ps1_0.id,
        ps1_0.auth,
        ps1_0.created_at,
        ps1_0.endpoint,
        ps1_0.p256dh,
        ps1_0.updated_at,
        ps1_0.user_id 
    from
        push_subscriptions ps1_0 
    where
        ps1_0.user_id=?"}
Hibernate: 
    select
        ps1_0.id,
        ps1_0.auth,
        ps1_0.created_at,
        ps1_0.endpoint,
        ps1_0.p256dh,
        ps1_0.updated_at,
        ps1_0.user_id 
    from
        push_subscriptions ps1_0 
    where
        ps1_0.user_id=?
{"timestamp":"2026-08-31T02:02:33.153+05:30","level":"INFO","thread":"http-nio-8080-exec-2","logger":"com.carpool.service.PushSenderService","message":"VAPID keys present=true"}
{"timestamp":"2026-08-31T02:02:34.179+05:30","level":"DEBUG","thread":"http-nio-8080-exec-2","logger":"org.hibernate.SQL","message":"
    select
        dt1_0.id,
        dt1_0.created_at,
        dt1_0.device_type,
        dt1_0.token,
        dt1_0.updated_at,
        dt1_0.user_id 
    from
        device_tokens dt1_0 
    where
        dt1_0.user_id=?"}
Hibernate: 
    select
        dt1_0.id,
        dt1_0.created_at,
        dt1_0.device_type,
        dt1_0.token,
        dt1_0.updated_at,
        dt1_0.user_id 
    from
        device_tokens dt1_0 
    where
        dt1_0.user_id=?
{"timestamp":"2026-08-31T02:02:34.247+05:30","level":"DEBUG","thread":"http-nio-8080-exec-2","logger":"org.hibernate.SQL","message":"
    insert 
    into
        notifications
        (body, created_at, is_read, route, title, type, updated_at, user_id, id) 
    values
        (?, ?, ?, ?, ?, ?, ?, ?, ?)"}
Hibernate: 
    insert 
    into
        notifications
        (body, created_at, is_read, route, title, type, updated_at, user_id, id) 
    values
        (?, ?, ?, ?, ?, ?, ?, ?, ?)
{"timestamp":"2026-08-31T02:02:34.315+05:30","level":"DEBUG","thread":"http-nio-8080-exec-2","logger":"org.hibernate.SQL","message":"
    insert 
    into
        subscriptions
        (amount, created_at, currency, expires_at, owner_id, payment_date, plan_id, provider, provider_payment_id, rejection_comment, reviewed_at, starts_at, status, updated_at, utr_number, id) 
    values
        (?, ?, ?, ?, ?, ?, ?, ?, ?, ?, ?, ?, ?, ?, ?, ?)"}
Hibernate: 
    insert 
    into
        subscriptions
        (amount, created_at, currency, expires_at, owner_id, payment_date, plan_id, provider, provider_payment_id, rejection_comment, reviewed_at, starts_at, status, updated_at, utr_number, id) 
    values
        (?, ?, ?, ?, ?, ?, ?, ?, ?, ?, ?, ?, ?, ?, ?, ?)
{"timestamp":"2026-08-31T02:02:34.349+05:30","level":"DEBUG","thread":"http-nio-8080-exec-2","logger":"org.hibernate.SQL","message":"
    update
        subscriptions 
    set
        amount=?,
        currency=?,
        expires_at=?,
        owner_id=?,
        payment_date=?,
        plan_id=?,
        provider=?,
        provider_payment_id=?,
        rejection_comment=?,
        reviewed_at=?,
        starts_at=?,
        status=?,
        updated_at=?,
        utr_number=? 
    where
        id=?"}
Hibernate: 
    update
        subscriptions 
    set
        amount=?,
        currency=?,
        expires_at=?,
        owner_id=?,
        payment_date=?,
        plan_id=?,
        provider=?,
        provider_payment_id=?,
        rejection_comment=?,
        reviewed_at=?,
        starts_at=?,
        status=?,
        updated_at=?,
        utr_number=? 
    where
        id=?
{"timestamp":"2026-08-31T02:02:34.439+05:30","level":"DEBUG","thread":"http-nio-8080-exec-3","logger":"org.springframework.jdbc.datasource.DataSourceUtils","message":"Setting JDBC Connection [HikariProxyConnection@554778536 wrapping com.mysql.cj.jdbc.ConnectionImpl@3275a47f] read-only"}
{"timestamp":"2026-08-31T02:02:34.450+05:30","level":"DEBUG","thread":"http-nio-8080-exec-3","logger":"org.hibernate.SQL","message":"
    select
        u1_0.id,
        u1_0.active,
        u1_0.age,
        u1_0.created_at,
        u1_0.current_onboarding_step,
        u1_0.date_of_birth,
        u1_0.didit_last_checked_at,
        u1_0.didit_session_id,
        u1_0.didit_status,
        u1_0.didit_verification_id,
        u1_0.failed_otp_attempts,
        u1_0.firebase_uid,
        u1_0.full_name,
        u1_0.gender,
        u1_0.is_kyc_verified,
        u1_0.last_login,
        u1_0.last_onboarding_update,
        u1_0.last_otp_request,
        u1_0.mobile,
        u1_0.mobile_number,
        u1_0.mobile_verified,
        u1_0.name,
        u1_0.onboarding_completed,
        u1_0.otp_verified,
        u1_0.otp_verified_on,
        u1_0.password_hash,
        u1_0.payment_screenshot_url,
        u1_0.paymentutr,
        u1_0.profile_photo_url,
        u1_0.registration_completed,
        u1_0.registration_stage,
        u1_0.registration_type,
        u1_0.role,
        u1_0.subscription_plan_id,
        u1_0.subscription_status,
        u1_0.updated_at,
        u1_0.verification_status,
        u1_0.verified_on 
    from
        users u1_0 
    where
        u1_0.id=?"}
Hibernate: 
    select
        u1_0.id,
        u1_0.active,
        u1_0.age,
        u1_0.created_at,
        u1_0.current_onboarding_step,
        u1_0.date_of_birth,
        u1_0.didit_last_checked_at,
        u1_0.didit_session_id,
        u1_0.didit_status,
        u1_0.didit_verification_id,
        u1_0.failed_otp_attempts,
        u1_0.firebase_uid,
        u1_0.full_name,
        u1_0.gender,
        u1_0.is_kyc_verified,
        u1_0.last_login,
        u1_0.last_onboarding_update,
        u1_0.last_otp_request,
        u1_0.mobile,
        u1_0.mobile_number,
        u1_0.mobile_verified,
        u1_0.name,
        u1_0.onboarding_completed,
        u1_0.otp_verified,
        u1_0.otp_verified_on,
        u1_0.password_hash,
        u1_0.payment_screenshot_url,
        u1_0.paymentutr,
        u1_0.profile_photo_url,
        u1_0.registration_completed,
        u1_0.registration_stage,
        u1_0.registration_type,
        u1_0.role,
        u1_0.subscription_plan_id,
        u1_0.subscription_status,
        u1_0.updated_at,
        u1_0.verification_status,
        u1_0.verified_on 
    from
        users u1_0 
    where
        u1_0.id=?
{"timestamp":"2026-08-31T02:02:34.456+05:30","level":"DEBUG","thread":"http-nio-8080-exec-3","logger":"org.springframework.jdbc.datasource.DataSourceUtils","message":"Resetting read-only flag of JDBC Connection [HikariProxyConnection@554778536 wrapping com.mysql.cj.jdbc.ConnectionImpl@3275a47f]"}
{"timestamp":"2026-08-31T02:02:34.466+05:30","level":"DEBUG","thread":"http-nio-8080-exec-3","logger":"org.hibernate.SQL","message":"
    select
        op1_0.id,
        op1_0.average_rating,
        op1_0.created_at,
        op1_0.mobile,
        op1_0.name,
        op1_0.preferences,
        op1_0.profile_photo_url,
        op1_0.ratings_count,
        op1_0.updated_at,
        op1_0.user_id,
        op1_0.verification_status,
        op1_0.verified 
    from
        owner_profiles op1_0 
    where
        op1_0.user_id=?"}
Hibernate: 
    select
        op1_0.id,
        op1_0.average_rating,
        op1_0.created_at,
        op1_0.mobile,
        op1_0.name,
        op1_0.preferences,
        op1_0.profile_photo_url,
        op1_0.ratings_count,
        op1_0.updated_at,
        op1_0.user_id,
        op1_0.verification_status,
        op1_0.verified 
    from
        owner_profiles op1_0 
    where
        op1_0.user_id=?
{"timestamp":"2026-08-31T02:02:34.472+05:30","level":"DEBUG","thread":"http-nio-8080-exec-3","logger":"org.hibernate.SQL","message":"
    select
        u1_0.id,
        u1_0.active,
        u1_0.age,
        u1_0.created_at,
        u1_0.current_onboarding_step,
        u1_0.date_of_birth,
        u1_0.didit_last_checked_at,
        u1_0.didit_session_id,
        u1_0.didit_status,
        u1_0.didit_verification_id,
        u1_0.failed_otp_attempts,
        u1_0.firebase_uid,
        u1_0.full_name,
        u1_0.gender,
        u1_0.is_kyc_verified,
        u1_0.last_login,
        u1_0.last_onboarding_update,
        u1_0.last_otp_request,
        u1_0.mobile,
        u1_0.mobile_number,
        u1_0.mobile_verified,
        u1_0.name,
        u1_0.onboarding_completed,
        u1_0.otp_verified,
        u1_0.otp_verified_on,
        u1_0.password_hash,
        u1_0.payment_screenshot_url,
        u1_0.paymentutr,
        u1_0.profile_photo_url,
        u1_0.registration_completed,
        u1_0.registration_stage,
        u1_0.registration_type,
        u1_0.role,
        u1_0.subscription_plan_id,
        u1_0.subscription_status,
        u1_0.updated_at,
        u1_0.verification_status,
        u1_0.verified_on 
    from
        users u1_0 
    where
        u1_0.id=?"}
Hibernate: 
    select
        u1_0.id,
        u1_0.active,
        u1_0.age,
        u1_0.created_at,
        u1_0.current_onboarding_step,
        u1_0.date_of_birth,
        u1_0.didit_last_checked_at,
        u1_0.didit_session_id,
        u1_0.didit_status,
        u1_0.didit_verification_id,
        u1_0.failed_otp_attempts,
        u1_0.firebase_uid,
        u1_0.full_name,
        u1_0.gender,
        u1_0.is_kyc_verified,
        u1_0.last_login,
        u1_0.last_onboarding_update,
        u1_0.last_otp_request,
        u1_0.mobile,
        u1_0.mobile_number,
        u1_0.mobile_verified,
        u1_0.name,
        u1_0.onboarding_completed,
        u1_0.otp_verified,
        u1_0.otp_verified_on,
        u1_0.password_hash,
        u1_0.payment_screenshot_url,
        u1_0.paymentutr,
        u1_0.profile_photo_url,
        u1_0.registration_completed,
        u1_0.registration_stage,
        u1_0.registration_type,
        u1_0.role,
        u1_0.subscription_plan_id,
        u1_0.subscription_status,
        u1_0.updated_at,
        u1_0.verification_status,
        u1_0.verified_on 
    from
        users u1_0 
    where
        u1_0.id=?
{"timestamp":"2026-08-31T02:02:34.482+05:30","level":"DEBUG","thread":"http-nio-8080-exec-3","logger":"org.hibernate.SQL","message":"
    select
        s1_0.id,
        s1_0.amount,
        s1_0.created_at,
        s1_0.currency,
        s1_0.expires_at,
        s1_0.owner_id,
        o1_0.id,
        o1_0.average_rating,
        o1_0.created_at,
        o1_0.mobile,
        o1_0.name,
        o1_0.preferences,
        o1_0.profile_photo_url,
        o1_0.ratings_count,
        o1_0.updated_at,
        o1_0.user_id,
        u1_0.id,
        u1_0.active,
        u1_0.age,
        u1_0.created_at,
        u1_0.current_onboarding_step,
        u1_0.date_of_birth,
        u1_0.didit_last_checked_at,
        u1_0.didit_session_id,
        u1_0.didit_status,
        u1_0.didit_verification_id,
        u1_0.failed_otp_attempts,
        u1_0.firebase_uid,
        u1_0.full_name,
        u1_0.gender,
        u1_0.is_kyc_verified,
        u1_0.last_login,
        u1_0.last_onboarding_update,
        u1_0.last_otp_request,
        u1_0.mobile,
        u1_0.mobile_number,
        u1_0.mobile_verified,
        u1_0.name,
        u1_0.onboarding_completed,
        u1_0.otp_verified,
        u1_0.otp_verified_on,
        u1_0.password_hash,
        u1_0.payment_screenshot_url,
        u1_0.paymentutr,
        u1_0.profile_photo_url,
        u1_0.registration_completed,
        u1_0.registration_stage,
        u1_0.registration_type,
        u1_0.role,
        u1_0.subscription_plan_id,
        u1_0.subscription_status,
        u1_0.updated_at,
        u1_0.verification_status,
        u1_0.verified_on,
        o1_0.verification_status,
        o1_0.verified,
        s1_0.payment_date,
        s1_0.plan_id,
        p1_0.id,
        p1_0.active,
        p1_0.amount_paise,
        p1_0.code,
        p1_0.created_at,
        p1_0.currency,
        p1_0.description,
        p1_0.duration_months,
        p1_0.name,
        p1_0.updated_at,
        s1_0.provider,
        s1_0.provider_payment_id,
        s1_0.rejection_comment,
        s1_0.reviewed_at,
        s1_0.starts_at,
        s1_0.status,
        s1_0.updated_at,
        s1_0.utr_number 
    from
        subscriptions s1_0 
    join
        owner_profiles o1_0 
            on o1_0.id=s1_0.owner_id 
    join
        users u1_0 
            on u1_0.id=o1_0.user_id 
    join
        subscription_plans p1_0 
            on p1_0.id=s1_0.plan_id"}
Hibernate: 
    select
        s1_0.id,
        s1_0.amount,
        s1_0.created_at,
        s1_0.currency,
        s1_0.expires_at,
        s1_0.owner_id,
        o1_0.id,
        o1_0.average_rating,
        o1_0.created_at,
        o1_0.mobile,
        o1_0.name,
        o1_0.preferences,
        o1_0.profile_photo_url,
        o1_0.ratings_count,
        o1_0.updated_at,
        o1_0.user_id,
        u1_0.id,
        u1_0.active,
        u1_0.age,
        u1_0.created_at,
        u1_0.current_onboarding_step,
        u1_0.date_of_birth,
        u1_0.didit_last_checked_at,
        u1_0.didit_session_id,
        u1_0.didit_status,
        u1_0.didit_verification_id,
        u1_0.failed_otp_attempts,
        u1_0.firebase_uid,
        u1_0.full_name,
        u1_0.gender,
        u1_0.is_kyc_verified,
        u1_0.last_login,
        u1_0.last_onboarding_update,
        u1_0.last_otp_request,
        u1_0.mobile,
        u1_0.mobile_number,
        u1_0.mobile_verified,
        u1_0.name,
        u1_0.onboarding_completed,
        u1_0.otp_verified,
        u1_0.otp_verified_on,
        u1_0.password_hash,
        u1_0.payment_screenshot_url,
        u1_0.paymentutr,
        u1_0.profile_photo_url,
        u1_0.registration_completed,
        u1_0.registration_stage,
        u1_0.registration_type,
        u1_0.role,
        u1_0.subscription_plan_id,
        u1_0.subscription_status,
        u1_0.updated_at,
        u1_0.verification_status,
        u1_0.verified_on,
        o1_0.verification_status,
        o1_0.verified,
        s1_0.payment_date,
        s1_0.plan_id,
        p1_0.id,
        p1_0.active,
        p1_0.amount_paise,
        p1_0.code,
        p1_0.created_at,
        p1_0.currency,
        p1_0.description,
        p1_0.duration_months,
        p1_0.name,
        p1_0.updated_at,
        s1_0.provider,
        s1_0.provider_payment_id,
        s1_0.rejection_comment,
        s1_0.reviewed_at,
        s1_0.starts_at,
        s1_0.status,
        s1_0.updated_at,
        s1_0.utr_number 
    from
        subscriptions s1_0 
    join
        owner_profiles o1_0 
            on o1_0.id=s1_0.owner_id 
    join
        users u1_0 
            on u1_0.id=o1_0.user_id 
    join
        subscription_plans p1_0 
            on p1_0.id=s1_0.plan_id
{"timestamp":"2026-08-31T02:02:34.489+05:30","level":"DEBUG","thread":"http-nio-8080-exec-3","logger":"org.hibernate.SQL","message":"
    select
        s1_0.id,
        s1_0.amount,
        s1_0.created_at,
        s1_0.currency,
        s1_0.expires_at,
        s1_0.owner_id,
        s1_0.payment_date,
        s1_0.plan_id,
        s1_0.provider,
        s1_0.provider_payment_id,
        s1_0.rejection_comment,
        s1_0.reviewed_at,
        s1_0.starts_at,
        s1_0.status,
        s1_0.updated_at,
        s1_0.utr_number 
    from
        subscriptions s1_0 
    where
        s1_0.owner_id=? 
    order by
        s1_0.created_at desc"}
Hibernate: 
    select
        s1_0.id,
        s1_0.amount,
        s1_0.created_at,
        s1_0.currency,
        s1_0.expires_at,
        s1_0.owner_id,
        s1_0.payment_date,
        s1_0.plan_id,
        s1_0.provider,
        s1_0.provider_payment_id,
        s1_0.rejection_comment,
        s1_0.reviewed_at,
        s1_0.starts_at,
        s1_0.status,
        s1_0.updated_at,
        s1_0.utr_number 
    from
        subscriptions s1_0 
    where
        s1_0.owner_id=? 
    order by
        s1_0.created_at desc
{"timestamp":"2026-08-31T02:02:34.503+05:30","level":"DEBUG","thread":"http-nio-8080-exec-3","logger":"org.hibernate.SQL","message":"
    select
        op1_0.id,
        op1_0.average_rating,
        op1_0.created_at,
        op1_0.mobile,
        op1_0.name,
        op1_0.preferences,
        op1_0.profile_photo_url,
        op1_0.ratings_count,
        op1_0.updated_at,
        op1_0.user_id,
        u1_0.id,
        u1_0.active,
        u1_0.age,
        u1_0.created_at,
        u1_0.current_onboarding_step,
        u1_0.date_of_birth,
        u1_0.didit_last_checked_at,
        u1_0.didit_session_id,
        u1_0.didit_status,
        u1_0.didit_verification_id,
        u1_0.failed_otp_attempts,
        u1_0.firebase_uid,
        u1_0.full_name,
        u1_0.gender,
        u1_0.is_kyc_verified,
        u1_0.last_login,
        u1_0.last_onboarding_update,
        u1_0.last_otp_request,
        u1_0.mobile,
        u1_0.mobile_number,
        u1_0.mobile_verified,
        u1_0.name,
        u1_0.onboarding_completed,
        u1_0.otp_verified,
        u1_0.otp_verified_on,
        u1_0.password_hash,
        u1_0.payment_screenshot_url,
        u1_0.paymentutr,
        u1_0.profile_photo_url,
        u1_0.registration_completed,
        u1_0.registration_stage,
        u1_0.registration_type,
        u1_0.role,
        u1_0.subscription_plan_id,
        u1_0.subscription_status,
        u1_0.updated_at,
        u1_0.verification_status,
        u1_0.verified_on,
        op1_0.verification_status,
        op1_0.verified 
    from
        owner_profiles op1_0 
    join
        users u1_0 
            on u1_0.id=op1_0.user_id 
    where
        op1_0.id=?"}
Hibernate: 
    select
        op1_0.id,
        op1_0.average_rating,
        op1_0.created_at,
        op1_0.mobile,
        op1_0.name,
        op1_0.preferences,
        op1_0.profile_photo_url,
        op1_0.ratings_count,
        op1_0.updated_at,
        op1_0.user_id,
        u1_0.id,
        u1_0.active,
        u1_0.age,
        u1_0.created_at,
        u1_0.current_onboarding_step,
        u1_0.date_of_birth,
        u1_0.didit_last_checked_at,
        u1_0.didit_session_id,
        u1_0.didit_status,
        u1_0.didit_verification_id,
        u1_0.failed_otp_attempts,
        u1_0.firebase_uid,
        u1_0.full_name,
        u1_0.gender,
        u1_0.is_kyc_verified,
        u1_0.last_login,
        u1_0.last_onboarding_update,
        u1_0.last_otp_request,
        u1_0.mobile,
        u1_0.mobile_number,
        u1_0.mobile_verified,
        u1_0.name,
        u1_0.onboarding_completed,
        u1_0.otp_verified,
        u1_0.otp_verified_on,
        u1_0.password_hash,
        u1_0.payment_screenshot_url,
        u1_0.paymentutr,
        u1_0.profile_photo_url,
        u1_0.registration_completed,
        u1_0.registration_stage,
        u1_0.registration_type,
        u1_0.role,
        u1_0.subscription_plan_id,
        u1_0.subscription_status,
        u1_0.updated_at,
        u1_0.verification_status,
        u1_0.verified_on,
        op1_0.verification_status,
        op1_0.verified 
    from
        owner_profiles op1_0 
    join
        users u1_0 
            on u1_0.id=op1_0.user_id 
    where
        op1_0.id=?
{"timestamp":"2026-08-31T02:02:34.512+05:30","level":"DEBUG","thread":"http-nio-8080-exec-3","logger":"org.hibernate.SQL","message":"
    select
        sp1_0.id,
        sp1_0.active,
        sp1_0.amount_paise,
        sp1_0.code,
        sp1_0.created_at,
        sp1_0.currency,
        sp1_0.description,
        sp1_0.duration_months,
        sp1_0.name,
        sp1_0.updated_at 
    from
        subscription_plans sp1_0 
    where
        sp1_0.id=?"}
Hibernate: 
    select
        sp1_0.id,
        sp1_0.active,
        sp1_0.amount_paise,
        sp1_0.code,
        sp1_0.created_at,
        sp1_0.currency,
        sp1_0.description,
        sp1_0.duration_months,
        sp1_0.name,
        sp1_0.updated_at 
    from
        subscription_plans sp1_0 
    where
        sp1_0.id=?
{"timestamp":"2026-08-31T02:02:34.557+05:30","level":"DEBUG","thread":"http-nio-8080-exec-5","logger":"org.springframework.jdbc.datasource.DataSourceUtils","message":"Setting JDBC Connection [HikariProxyConnection@1686420171 wrapping com.mysql.cj.jdbc.ConnectionImpl@3275a47f] read-only"}
{"timestamp":"2026-08-31T02:02:34.566+05:30","level":"DEBUG","thread":"http-nio-8080-exec-5","logger":"org.hibernate.SQL","message":"
    select
        u1_0.id,
        u1_0.active,
        u1_0.age,
        u1_0.created_at,
        u1_0.current_onboarding_step,
        u1_0.date_of_birth,
        u1_0.didit_last_checked_at,
        u1_0.didit_session_id,
        u1_0.didit_status,
        u1_0.didit_verification_id,
        u1_0.failed_otp_attempts,
        u1_0.firebase_uid,
        u1_0.full_name,
        u1_0.gender,
        u1_0.is_kyc_verified,
        u1_0.last_login,
        u1_0.last_onboarding_update,
        u1_0.last_otp_request,
        u1_0.mobile,
        u1_0.mobile_number,
        u1_0.mobile_verified,
        u1_0.name,
        u1_0.onboarding_completed,
        u1_0.otp_verified,
        u1_0.otp_verified_on,
        u1_0.password_hash,
        u1_0.payment_screenshot_url,
        u1_0.paymentutr,
        u1_0.profile_photo_url,
        u1_0.registration_completed,
        u1_0.registration_stage,
        u1_0.registration_type,
        u1_0.role,
        u1_0.subscription_plan_id,
        u1_0.subscription_status,
        u1_0.updated_at,
        u1_0.verification_status,
        u1_0.verified_on 
    from
        users u1_0 
    where
        u1_0.id=?"}
Hibernate: 
    select
        u1_0.id,
        u1_0.active,
        u1_0.age,
        u1_0.created_at,
        u1_0.current_onboarding_step,
        u1_0.date_of_birth,
        u1_0.didit_last_checked_at,
        u1_0.didit_session_id,
        u1_0.didit_status,
        u1_0.didit_verification_id,
        u1_0.failed_otp_attempts,
        u1_0.firebase_uid,
        u1_0.full_name,
        u1_0.gender,
        u1_0.is_kyc_verified,
        u1_0.last_login,
        u1_0.last_onboarding_update,
        u1_0.last_otp_request,
        u1_0.mobile,
        u1_0.mobile_number,
        u1_0.mobile_verified,
        u1_0.name,
        u1_0.onboarding_completed,
        u1_0.otp_verified,
        u1_0.otp_verified_on,
        u1_0.password_hash,
        u1_0.payment_screenshot_url,
        u1_0.paymentutr,
        u1_0.profile_photo_url,
        u1_0.registration_completed,
        u1_0.registration_stage,
        u1_0.registration_type,
        u1_0.role,
        u1_0.subscription_plan_id,
        u1_0.subscription_status,
        u1_0.updated_at,
        u1_0.verification_status,
        u1_0.verified_on 
    from
        users u1_0 
    where
        u1_0.id=?
{"timestamp":"2026-08-31T02:02:34.582+05:30","level":"DEBUG","thread":"http-nio-8080-exec-5","logger":"org.springframework.jdbc.datasource.DataSourceUtils","message":"Resetting read-only flag of JDBC Connection [HikariProxyConnection@1686420171 wrapping com.mysql.cj.jdbc.ConnectionImpl@3275a47f]"}
{"timestamp":"2026-08-31T02:02:34.594+05:30","level":"DEBUG","thread":"http-nio-8080-exec-5","logger":"org.hibernate.SQL","message":"
    select
        op1_0.id,
        op1_0.average_rating,
        op1_0.created_at,
        op1_0.mobile,
        op1_0.name,
        op1_0.preferences,
        op1_0.profile_photo_url,
        op1_0.ratings_count,
        op1_0.updated_at,
        op1_0.user_id,
        op1_0.verification_status,
        op1_0.verified 
    from
        owner_profiles op1_0 
    where
        op1_0.user_id=?"}
Hibernate: 
    select
        op1_0.id,
        op1_0.average_rating,
        op1_0.created_at,
        op1_0.mobile,
        op1_0.name,
        op1_0.preferences,
        op1_0.profile_photo_url,
        op1_0.ratings_count,
        op1_0.updated_at,
        op1_0.user_id,
        op1_0.verification_status,
        op1_0.verified 
    from
        owner_profiles op1_0 
    where
        op1_0.user_id=?
{"timestamp":"2026-08-31T02:02:34.600+05:30","level":"DEBUG","thread":"http-nio-8080-exec-5","logger":"org.hibernate.SQL","message":"
    select
        u1_0.id,
        u1_0.active,
        u1_0.age,
        u1_0.created_at,
        u1_0.current_onboarding_step,
        u1_0.date_of_birth,
        u1_0.didit_last_checked_at,
        u1_0.didit_session_id,
        u1_0.didit_status,
        u1_0.didit_verification_id,
        u1_0.failed_otp_attempts,
        u1_0.firebase_uid,
        u1_0.full_name,
        u1_0.gender,
        u1_0.is_kyc_verified,
        u1_0.last_login,
        u1_0.last_onboarding_update,
        u1_0.last_otp_request,
        u1_0.mobile,
        u1_0.mobile_number,
        u1_0.mobile_verified,
        u1_0.name,
        u1_0.onboarding_completed,
        u1_0.otp_verified,
        u1_0.otp_verified_on,
        u1_0.password_hash,
        u1_0.payment_screenshot_url,
        u1_0.paymentutr,
        u1_0.profile_photo_url,
        u1_0.registration_completed,
        u1_0.registration_stage,
        u1_0.registration_type,
        u1_0.role,
        u1_0.subscription_plan_id,
        u1_0.subscription_status,
        u1_0.updated_at,
        u1_0.verification_status,
        u1_0.verified_on 
    from
        users u1_0 
    where
        u1_0.id=?"}
Hibernate: 
    select
        u1_0.id,
        u1_0.active,
        u1_0.age,
        u1_0.created_at,
        u1_0.current_onboarding_step,
        u1_0.date_of_birth,
        u1_0.didit_last_checked_at,
        u1_0.didit_session_id,
        u1_0.didit_status,
        u1_0.didit_verification_id,
        u1_0.failed_otp_attempts,
        u1_0.firebase_uid,
        u1_0.full_name,
        u1_0.gender,
        u1_0.is_kyc_verified,
        u1_0.last_login,
        u1_0.last_onboarding_update,
        u1_0.last_otp_request,
        u1_0.mobile,
        u1_0.mobile_number,
        u1_0.mobile_verified,
        u1_0.name,
        u1_0.onboarding_completed,
        u1_0.otp_verified,
        u1_0.otp_verified_on,
        u1_0.password_hash,
        u1_0.payment_screenshot_url,
        u1_0.paymentutr,
        u1_0.profile_photo_url,
        u1_0.registration_completed,
        u1_0.registration_stage,
        u1_0.registration_type,
        u1_0.role,
        u1_0.subscription_plan_id,
        u1_0.subscription_status,
        u1_0.updated_at,
        u1_0.verification_status,
        u1_0.verified_on 
    from
        users u1_0 
    where
        u1_0.id=?
{"timestamp":"2026-08-31T02:02:34.616+05:30","level":"DEBUG","thread":"http-nio-8080-exec-5","logger":"org.hibernate.SQL","message":"
    select
        s1_0.id,
        s1_0.amount,
        s1_0.created_at,
        s1_0.currency,
        s1_0.expires_at,
        s1_0.owner_id,
        o1_0.id,
        o1_0.average_rating,
        o1_0.created_at,
        o1_0.mobile,
        o1_0.name,
        o1_0.preferences,
        o1_0.profile_photo_url,
        o1_0.ratings_count,
        o1_0.updated_at,
        o1_0.user_id,
        u1_0.id,
        u1_0.active,
        u1_0.age,
        u1_0.created_at,
        u1_0.current_onboarding_step,
        u1_0.date_of_birth,
        u1_0.didit_last_checked_at,
        u1_0.didit_session_id,
        u1_0.didit_status,
        u1_0.didit_verification_id,
        u1_0.failed_otp_attempts,
        u1_0.firebase_uid,
        u1_0.full_name,
        u1_0.gender,
        u1_0.is_kyc_verified,
        u1_0.last_login,
        u1_0.last_onboarding_update,
        u1_0.last_otp_request,
        u1_0.mobile,
        u1_0.mobile_number,
        u1_0.mobile_verified,
        u1_0.name,
        u1_0.onboarding_completed,
        u1_0.otp_verified,
        u1_0.otp_verified_on,
        u1_0.password_hash,
        u1_0.payment_screenshot_url,
        u1_0.paymentutr,
        u1_0.profile_photo_url,
        u1_0.registration_completed,
        u1_0.registration_stage,
        u1_0.registration_type,
        u1_0.role,
        u1_0.subscription_plan_id,
        u1_0.subscription_status,
        u1_0.updated_at,
        u1_0.verification_status,
        u1_0.verified_on,
        o1_0.verification_status,
        o1_0.verified,
        s1_0.payment_date,
        s1_0.plan_id,
        p1_0.id,
        p1_0.active,
        p1_0.amount_paise,
        p1_0.code,
        p1_0.created_at,
        p1_0.currency,
        p1_0.description,
        p1_0.duration_months,
        p1_0.name,
        p1_0.updated_at,
        s1_0.provider,
        s1_0.provider_payment_id,
        s1_0.rejection_comment,
        s1_0.reviewed_at,
        s1_0.starts_at,
        s1_0.status,
        s1_0.updated_at,
        s1_0.utr_number 
    from
        subscriptions s1_0 
    join
        owner_profiles o1_0 
            on o1_0.id=s1_0.owner_id 
    join
        users u1_0 
            on u1_0.id=o1_0.user_id 
    join
        subscription_plans p1_0 
            on p1_0.id=s1_0.plan_id"}
Hibernate: 
    select
        s1_0.id,
        s1_0.amount,
        s1_0.created_at,
        s1_0.currency,
        s1_0.expires_at,
        s1_0.owner_id,
        o1_0.id,
        o1_0.average_rating,
        o1_0.created_at,
        o1_0.mobile,
        o1_0.name,
        o1_0.preferences,
        o1_0.profile_photo_url,
        o1_0.ratings_count,
        o1_0.updated_at,
        o1_0.user_id,
        u1_0.id,
        u1_0.active,
        u1_0.age,
        u1_0.created_at,
        u1_0.current_onboarding_step,
        u1_0.date_of_birth,
        u1_0.didit_last_checked_at,
        u1_0.didit_session_id,
        u1_0.didit_status,
        u1_0.didit_verification_id,
        u1_0.failed_otp_attempts,
        u1_0.firebase_uid,
        u1_0.full_name,
        u1_0.gender,
        u1_0.is_kyc_verified,
        u1_0.last_login,
        u1_0.last_onboarding_update,
        u1_0.last_otp_request,
        u1_0.mobile,
        u1_0.mobile_number,
        u1_0.mobile_verified,
        u1_0.name,
        u1_0.onboarding_completed,
        u1_0.otp_verified,
        u1_0.otp_verified_on,
        u1_0.password_hash,
        u1_0.payment_screenshot_url,
        u1_0.paymentutr,
        u1_0.profile_photo_url,
        u1_0.registration_completed,
        u1_0.registration_stage,
        u1_0.registration_type,
        u1_0.role,
        u1_0.subscription_plan_id,
        u1_0.subscription_status,
        u1_0.updated_at,
        u1_0.verification_status,
        u1_0.verified_on,
        o1_0.verification_status,
        o1_0.verified,
        s1_0.payment_date,
        s1_0.plan_id,
        p1_0.id,
        p1_0.active,
        p1_0.amount_paise,
        p1_0.code,
        p1_0.created_at,
        p1_0.currency,
        p1_0.description,
        p1_0.duration_months,
        p1_0.name,
        p1_0.updated_at,
        s1_0.provider,
        s1_0.provider_payment_id,
        s1_0.rejection_comment,
        s1_0.reviewed_at,
        s1_0.starts_at,
        s1_0.status,
        s1_0.updated_at,
        s1_0.utr_number 
    from
        subscriptions s1_0 
    join
        owner_profiles o1_0 
            on o1_0.id=s1_0.owner_id 
    join
        users u1_0 
            on u1_0.id=o1_0.user_id 
    join
        subscription_plans p1_0 
            on p1_0.id=s1_0.plan_id
{"timestamp":"2026-08-31T02:02:34.641+05:30","level":"DEBUG","thread":"http-nio-8080-exec-5","logger":"org.hibernate.SQL","message":"
    select
        s1_0.id,
        s1_0.amount,
        s1_0.created_at,
        s1_0.currency,
        s1_0.expires_at,
        s1_0.owner_id,
        s1_0.payment_date,
        s1_0.plan_id,
        s1_0.provider,
        s1_0.provider_payment_id,
        s1_0.rejection_comment,
        s1_0.reviewed_at,
        s1_0.starts_at,
        s1_0.status,
        s1_0.updated_at,
        s1_0.utr_number 
    from
        subscriptions s1_0 
    where
        s1_0.owner_id=? 
    order by
        s1_0.created_at desc"}
Hibernate: 
    select
        s1_0.id,
        s1_0.amount,
        s1_0.created_at,
        s1_0.currency,
        s1_0.expires_at,
        s1_0.owner_id,
        s1_0.payment_date,
        s1_0.plan_id,
        s1_0.provider,
        s1_0.provider_payment_id,
        s1_0.rejection_comment,
        s1_0.reviewed_at,
        s1_0.starts_at,
        s1_0.status,
        s1_0.updated_at,
        s1_0.utr_number 
    from
        subscriptions s1_0 
    where
        s1_0.owner_id=? 
    order by
        s1_0.created_at desc
{"timestamp":"2026-08-31T02:02:34.650+05:30","level":"DEBUG","thread":"http-nio-8080-exec-5","logger":"org.hibernate.SQL","message":"
    select
        op1_0.id,
        op1_0.average_rating,
        op1_0.created_at,
        op1_0.mobile,
        op1_0.name,
        op1_0.preferences,
        op1_0.profile_photo_url,
        op1_0.ratings_count,
        op1_0.updated_at,
        op1_0.user_id,
        u1_0.id,
        u1_0.active,
        u1_0.age,
        u1_0.created_at,
        u1_0.current_onboarding_step,
        u1_0.date_of_birth,
        u1_0.didit_last_checked_at,
        u1_0.didit_session_id,
        u1_0.didit_status,
        u1_0.didit_verification_id,
        u1_0.failed_otp_attempts,
        u1_0.firebase_uid,
        u1_0.full_name,
        u1_0.gender,
        u1_0.is_kyc_verified,
        u1_0.last_login,
        u1_0.last_onboarding_update,
        u1_0.last_otp_request,
        u1_0.mobile,
        u1_0.mobile_number,
        u1_0.mobile_verified,
        u1_0.name,
        u1_0.onboarding_completed,
        u1_0.otp_verified,
        u1_0.otp_verified_on,
        u1_0.password_hash,
        u1_0.payment_screenshot_url,
        u1_0.paymentutr,
        u1_0.profile_photo_url,
        u1_0.registration_completed,
        u1_0.registration_stage,
        u1_0.registration_type,
        u1_0.role,
        u1_0.subscription_plan_id,
        u1_0.subscription_status,
        u1_0.updated_at,
        u1_0.verification_status,
        u1_0.verified_on,
        op1_0.verification_status,
        op1_0.verified 
    from
        owner_profiles op1_0 
    join
        users u1_0 
            on u1_0.id=op1_0.user_id 
    where
        op1_0.id=?"}
Hibernate: 
    select
        op1_0.id,
        op1_0.average_rating,
        op1_0.created_at,
        op1_0.mobile,
        op1_0.name,
        op1_0.preferences,
        op1_0.profile_photo_url,
        op1_0.ratings_count,
        op1_0.updated_at,
        op1_0.user_id,
        u1_0.id,
        u1_0.active,
        u1_0.age,
        u1_0.created_at,
        u1_0.current_onboarding_step,
        u1_0.date_of_birth,
        u1_0.didit_last_checked_at,
        u1_0.didit_session_id,
        u1_0.didit_status,
        u1_0.didit_verification_id,
        u1_0.failed_otp_attempts,
        u1_0.firebase_uid,
        u1_0.full_name,
        u1_0.gender,
        u1_0.is_kyc_verified,
        u1_0.last_login,
        u1_0.last_onboarding_update,
        u1_0.last_otp_request,
        u1_0.mobile,
        u1_0.mobile_number,
        u1_0.mobile_verified,
        u1_0.name,
        u1_0.onboarding_completed,
        u1_0.otp_verified,
        u1_0.otp_verified_on,
        u1_0.password_hash,
        u1_0.payment_screenshot_url,
        u1_0.paymentutr,
        u1_0.profile_photo_url,
        u1_0.registration_completed,
        u1_0.registration_stage,
        u1_0.registration_type,
        u1_0.role,
        u1_0.subscription_plan_id,
        u1_0.subscription_status,
        u1_0.updated_at,
        u1_0.verification_status,
        u1_0.verified_on,
        op1_0.verification_status,
        op1_0.verified 
    from
        owner_profiles op1_0 
    join
        users u1_0 
            on u1_0.id=op1_0.user_id 
    where
        op1_0.id=?
{"timestamp":"2026-08-31T02:02:34.650+05:30","level":"DEBUG","thread":"http-nio-8080-exec-5","logger":"org.hibernate.SQL","message":"
    select
        sp1_0.id,
        sp1_0.active,
        sp1_0.amount_paise,
        sp1_0.code,
        sp1_0.created_at,
        sp1_0.currency,
        sp1_0.description,
        sp1_0.duration_months,
        sp1_0.name,
        sp1_0.updated_at 
    from
        subscription_plans sp1_0 
    where
        sp1_0.id=?"}
Hibernate: 
    select
        sp1_0.id,
        sp1_0.active,
        sp1_0.amount_paise,
        sp1_0.code,
        sp1_0.created_at,
        sp1_0.currency,
        sp1_0.description,
        sp1_0.duration_months,
        sp1_0.name,
        sp1_0.updated_at 
    from
        subscription_plans sp1_0 
    where
        sp1_0.id=?
{"timestamp":"2026-08-31T02:02:40.358+05:30","level":"DEBUG","thread":"http-nio-8080-exec-10","logger":"org.springframework.jdbc.datasource.DataSourceUtils","message":"Setting JDBC Connection [HikariProxyConnection@1890016647 wrapping com.mysql.cj.jdbc.ConnectionImpl@65eaec1e] read-only"}
{"timestamp":"2026-08-31T02:02:40.391+05:30","level":"DEBUG","thread":"http-nio-8080-exec-10","logger":"org.hibernate.SQL","message":"
    select
        u1_0.id,
        u1_0.active,
        u1_0.age,
        u1_0.created_at,
        u1_0.current_onboarding_step,
        u1_0.date_of_birth,
        u1_0.didit_last_checked_at,
        u1_0.didit_session_id,
        u1_0.didit_status,
        u1_0.didit_verification_id,
        u1_0.failed_otp_attempts,
        u1_0.firebase_uid,
        u1_0.full_name,
        u1_0.gender,
        u1_0.is_kyc_verified,
        u1_0.last_login,
        u1_0.last_onboarding_update,
        u1_0.last_otp_request,
        u1_0.mobile,
        u1_0.mobile_number,
        u1_0.mobile_verified,
        u1_0.name,
        u1_0.onboarding_completed,
        u1_0.otp_verified,
        u1_0.otp_verified_on,
        u1_0.password_hash,
        u1_0.payment_screenshot_url,
        u1_0.paymentutr,
        u1_0.profile_photo_url,
        u1_0.registration_completed,
        u1_0.registration_stage,
        u1_0.registration_type,
        u1_0.role,
        u1_0.subscription_plan_id,
        u1_0.subscription_status,
        u1_0.updated_at,
        u1_0.verification_status,
        u1_0.verified_on 
    from
        users u1_0 
    where
        u1_0.id=?"}
Hibernate: 
    select
        u1_0.id,
        u1_0.active,
        u1_0.age,
        u1_0.created_at,
        u1_0.current_onboarding_step,
        u1_0.date_of_birth,
        u1_0.didit_last_checked_at,
        u1_0.didit_session_id,
        u1_0.didit_status,
        u1_0.didit_verification_id,
        u1_0.failed_otp_attempts,
        u1_0.firebase_uid,
        u1_0.full_name,
        u1_0.gender,
        u1_0.is_kyc_verified,
        u1_0.last_login,
        u1_0.last_onboarding_update,
        u1_0.last_otp_request,
        u1_0.mobile,
        u1_0.mobile_number,
        u1_0.mobile_verified,
        u1_0.name,
        u1_0.onboarding_completed,
        u1_0.otp_verified,
        u1_0.otp_verified_on,
        u1_0.password_hash,
        u1_0.payment_screenshot_url,
        u1_0.paymentutr,
        u1_0.profile_photo_url,
        u1_0.registration_completed,
        u1_0.registration_stage,
        u1_0.registration_type,
        u1_0.role,
        u1_0.subscription_plan_id,
        u1_0.subscription_status,
        u1_0.updated_at,
        u1_0.verification_status,
        u1_0.verified_on 
    from
        users u1_0 
    where
        u1_0.id=?
{"timestamp":"2026-08-31T02:02:40.399+05:30","level":"DEBUG","thread":"http-nio-8080-exec-10","logger":"org.springframework.jdbc.datasource.DataSourceUtils","message":"Resetting read-only flag of JDBC Connection [HikariProxyConnection@1890016647 wrapping com.mysql.cj.jdbc.ConnectionImpl@65eaec1e]"}
{"timestamp":"2026-08-31T02:02:40.407+05:30","level":"DEBUG","thread":"http-nio-8080-exec-10","logger":"org.hibernate.SQL","message":"
    select
        op1_0.id,
        op1_0.average_rating,
        op1_0.created_at,
        op1_0.mobile,
        op1_0.name,
        op1_0.preferences,
        op1_0.profile_photo_url,
        op1_0.ratings_count,
        op1_0.updated_at,
        op1_0.user_id,
        op1_0.verification_status,
        op1_0.verified 
    from
        owner_profiles op1_0 
    where
        op1_0.user_id=?"}
Hibernate: 
    select
        op1_0.id,
        op1_0.average_rating,
        op1_0.created_at,
        op1_0.mobile,
        op1_0.name,
        op1_0.preferences,
        op1_0.profile_photo_url,
        op1_0.ratings_count,
        op1_0.updated_at,
        op1_0.user_id,
        op1_0.verification_status,
        op1_0.verified 
    from
        owner_profiles op1_0 
    where
        op1_0.user_id=?
{"timestamp":"2026-08-31T02:02:40.415+05:30","level":"DEBUG","thread":"http-nio-8080-exec-10","logger":"org.hibernate.SQL","message":"
    select
        u1_0.id,
        u1_0.active,
        u1_0.age,
        u1_0.created_at,
        u1_0.current_onboarding_step,
        u1_0.date_of_birth,
        u1_0.didit_last_checked_at,
        u1_0.didit_session_id,
        u1_0.didit_status,
        u1_0.didit_verification_id,
        u1_0.failed_otp_attempts,
        u1_0.firebase_uid,
        u1_0.full_name,
        u1_0.gender,
        u1_0.is_kyc_verified,
        u1_0.last_login,
        u1_0.last_onboarding_update,
        u1_0.last_otp_request,
        u1_0.mobile,
        u1_0.mobile_number,
        u1_0.mobile_verified,
        u1_0.name,
        u1_0.onboarding_completed,
        u1_0.otp_verified,
        u1_0.otp_verified_on,
        u1_0.password_hash,
        u1_0.payment_screenshot_url,
        u1_0.paymentutr,
        u1_0.profile_photo_url,
        u1_0.registration_completed,
        u1_0.registration_stage,
        u1_0.registration_type,
        u1_0.role,
        u1_0.subscription_plan_id,
        u1_0.subscription_status,
        u1_0.updated_at,
        u1_0.verification_status,
        u1_0.verified_on 
    from
        users u1_0 
    where
        u1_0.id=?"}
Hibernate: 
    select
        u1_0.id,
        u1_0.active,
        u1_0.age,
        u1_0.created_at,
        u1_0.current_onboarding_step,
        u1_0.date_of_birth,
        u1_0.didit_last_checked_at,
        u1_0.didit_session_id,
        u1_0.didit_status,
        u1_0.didit_verification_id,
        u1_0.failed_otp_attempts,
        u1_0.firebase_uid,
        u1_0.full_name,
        u1_0.gender,
        u1_0.is_kyc_verified,
        u1_0.last_login,
        u1_0.last_onboarding_update,
        u1_0.last_otp_request,
        u1_0.mobile,
        u1_0.mobile_number,
        u1_0.mobile_verified,
        u1_0.name,
        u1_0.onboarding_completed,
        u1_0.otp_verified,
        u1_0.otp_verified_on,
        u1_0.password_hash,
        u1_0.payment_screenshot_url,
        u1_0.paymentutr,
        u1_0.profile_photo_url,
        u1_0.registration_completed,
        u1_0.registration_stage,
        u1_0.registration_type,
        u1_0.role,
        u1_0.subscription_plan_id,
        u1_0.subscription_status,
        u1_0.updated_at,
        u1_0.verification_status,
        u1_0.verified_on 
    from
        users u1_0 
    where
        u1_0.id=?
{"timestamp":"2026-08-31T02:02:40.431+05:30","level":"DEBUG","thread":"http-nio-8080-exec-10","logger":"org.hibernate.SQL","message":"
    select
        n1_0.id,
        n1_0.body,
        n1_0.created_at,
        n1_0.is_read,
        n1_0.route,
        n1_0.title,
        n1_0.type,
        n1_0.updated_at,
        n1_0.user_id 
    from
        notifications n1_0 
    where
        n1_0.user_id=? 
    order by
        n1_0.created_at desc"}
Hibernate: 
    select
        n1_0.id,
        n1_0.body,
        n1_0.created_at,
        n1_0.is_read,
        n1_0.route,
        n1_0.title,
        n1_0.type,
        n1_0.updated_at,
        n1_0.user_id 
    from
        notifications n1_0 
    where
        n1_0.user_id=? 
    order by
        n1_0.created_at desc
{"timestamp":"2026-08-31T02:02:40.431+05:30","level":"DEBUG","thread":"http-nio-8080-exec-10","logger":"org.hibernate.SQL","message":"
    select
        u1_0.id,
        u1_0.active,
        u1_0.age,
        u1_0.created_at,
        u1_0.current_onboarding_step,
        u1_0.date_of_birth,
        u1_0.didit_last_checked_at,
        u1_0.didit_session_id,
        u1_0.didit_status,
        u1_0.didit_verification_id,
        u1_0.failed_otp_attempts,
        u1_0.firebase_uid,
        u1_0.full_name,
        u1_0.gender,
        u1_0.is_kyc_verified,
        u1_0.last_login,
        u1_0.last_onboarding_update,
        u1_0.last_otp_request,
        u1_0.mobile,
        u1_0.mobile_number,
        u1_0.mobile_verified,
        u1_0.name,
        u1_0.onboarding_completed,
        u1_0.otp_verified,
        u1_0.otp_verified_on,
        u1_0.password_hash,
        u1_0.payment_screenshot_url,
        u1_0.paymentutr,
        u1_0.profile_photo_url,
        u1_0.registration_completed,
        u1_0.registration_stage,
        u1_0.registration_type,
        u1_0.role,
        u1_0.subscription_plan_id,
        u1_0.subscription_status,
        u1_0.updated_at,
        u1_0.verification_status,
        u1_0.verified_on 
    from
        users u1_0 
    where
        u1_0.id=?"}
Hibernate: 
    select
        u1_0.id,
        u1_0.active,
        u1_0.age,
        u1_0.created_at,
        u1_0.current_onboarding_step,
        u1_0.date_of_birth,
        u1_0.didit_last_checked_at,
        u1_0.didit_session_id,
        u1_0.didit_status,
        u1_0.didit_verification_id,
        u1_0.failed_otp_attempts,
        u1_0.firebase_uid,
        u1_0.full_name,
        u1_0.gender,
        u1_0.is_kyc_verified,
        u1_0.last_login,
        u1_0.last_onboarding_update,
        u1_0.last_otp_request,
        u1_0.mobile,
        u1_0.mobile_number,
        u1_0.mobile_verified,
        u1_0.name,
        u1_0.onboarding_completed,
        u1_0.otp_verified,
        u1_0.otp_verified_on,
        u1_0.password_hash,
        u1_0.payment_screenshot_url,
        u1_0.paymentutr,
        u1_0.profile_photo_url,
        u1_0.registration_completed,
        u1_0.registration_stage,
        u1_0.registration_type,
        u1_0.role,
        u1_0.subscription_plan_id,
        u1_0.subscription_status,
        u1_0.updated_at,
        u1_0.verification_status,
        u1_0.verified_on 
    from
        users u1_0 
    where
        u1_0.id=?
{"timestamp":"2026-08-31T02:02:42.111+05:30","level":"DEBUG","thread":"http-nio-8080-exec-1","logger":"org.springframework.jdbc.datasource.DataSourceUtils","message":"Setting JDBC Connection [HikariProxyConnection@797640368 wrapping com.mysql.cj.jdbc.ConnectionImpl@3275a47f] read-only"}
{"timestamp":"2026-08-31T02:02:42.111+05:30","level":"DEBUG","thread":"http-nio-8080-exec-9","logger":"org.springframework.jdbc.datasource.DataSourceUtils","message":"Setting JDBC Connection [HikariProxyConnection@820525513 wrapping com.mysql.cj.jdbc.ConnectionImpl@65eaec1e] read-only"}
{"timestamp":"2026-08-31T02:02:42.135+05:30","level":"DEBUG","thread":"http-nio-8080-exec-1","logger":"org.hibernate.SQL","message":"
    select
        u1_0.id,
        u1_0.active,
        u1_0.age,
        u1_0.created_at,
        u1_0.current_onboarding_step,
        u1_0.date_of_birth,
        u1_0.didit_last_checked_at,
        u1_0.didit_session_id,
        u1_0.didit_status,
        u1_0.didit_verification_id,
        u1_0.failed_otp_attempts,
        u1_0.firebase_uid,
        u1_0.full_name,
        u1_0.gender,
        u1_0.is_kyc_verified,
        u1_0.last_login,
        u1_0.last_onboarding_update,
        u1_0.last_otp_request,
        u1_0.mobile,
        u1_0.mobile_number,
        u1_0.mobile_verified,
        u1_0.name,
        u1_0.onboarding_completed,
        u1_0.otp_verified,
        u1_0.otp_verified_on,
        u1_0.password_hash,
        u1_0.payment_screenshot_url,
        u1_0.paymentutr,
        u1_0.profile_photo_url,
        u1_0.registration_completed,
        u1_0.registration_stage,
        u1_0.registration_type,
        u1_0.role,
        u1_0.subscription_plan_id,
        u1_0.subscription_status,
        u1_0.updated_at,
        u1_0.verification_status,
        u1_0.verified_on 
    from
        users u1_0 
    where
        u1_0.id=?"}
Hibernate: 
    select
        u1_0.id,
        u1_0.active,
        u1_0.age,
        u1_0.created_at,
        u1_0.current_onboarding_step,
        u1_0.date_of_birth,
        u1_0.didit_last_checked_at,
        u1_0.didit_session_id,
        u1_0.didit_status,
        u1_0.didit_verification_id,
        u1_0.failed_otp_attempts,
        u1_0.firebase_uid,
        u1_0.full_name,
        u1_0.gender,
        u1_0.is_kyc_verified,
        u1_0.last_login,
        u1_0.last_onboarding_update,
        u1_0.last_otp_request,
        u1_0.mobile,
        u1_0.mobile_number,
        u1_0.mobile_verified,
        u1_0.name,
        u1_0.onboarding_completed,
        u1_0.otp_verified,
        u1_0.otp_verified_on,
        u1_0.password_hash,
        u1_0.payment_screenshot_url,
        u1_0.paymentutr,
        u1_0.profile_photo_url,
        u1_0.registration_completed,
        u1_0.registration_stage,
        u1_0.registration_type,
        u1_0.role,
        u1_0.subscription_plan_id,
        u1_0.subscription_status,
        u1_0.updated_at,
        u1_0.verification_status,
        u1_0.verified_on 
    from
        users u1_0 
    where
        u1_0.id=?
{"timestamp":"2026-08-31T02:02:42.137+05:30","level":"DEBUG","thread":"http-nio-8080-exec-9","logger":"org.hibernate.SQL","message":"
    select
        u1_0.id,
        u1_0.active,
        u1_0.age,
        u1_0.created_at,
        u1_0.current_onboarding_step,
        u1_0.date_of_birth,
        u1_0.didit_last_checked_at,
        u1_0.didit_session_id,
        u1_0.didit_status,
        u1_0.didit_verification_id,
        u1_0.failed_otp_attempts,
        u1_0.firebase_uid,
        u1_0.full_name,
        u1_0.gender,
        u1_0.is_kyc_verified,
        u1_0.last_login,
        u1_0.last_onboarding_update,
        u1_0.last_otp_request,
        u1_0.mobile,
        u1_0.mobile_number,
        u1_0.mobile_verified,
        u1_0.name,
        u1_0.onboarding_completed,
        u1_0.otp_verified,
        u1_0.otp_verified_on,
        u1_0.password_hash,
        u1_0.payment_screenshot_url,
        u1_0.paymentutr,
        u1_0.profile_photo_url,
        u1_0.registration_completed,
        u1_0.registration_stage,
        u1_0.registration_type,
        u1_0.role,
        u1_0.subscription_plan_id,
        u1_0.subscription_status,
        u1_0.updated_at,
        u1_0.verification_status,
        u1_0.verified_on 
    from
        users u1_0 
    where
        u1_0.id=?"}
Hibernate: 
    select
        u1_0.id,
        u1_0.active,
        u1_0.age,
        u1_0.created_at,
        u1_0.current_onboarding_step,
        u1_0.date_of_birth,
        u1_0.didit_last_checked_at,
        u1_0.didit_session_id,
        u1_0.didit_status,
        u1_0.didit_verification_id,
        u1_0.failed_otp_attempts,
        u1_0.firebase_uid,
        u1_0.full_name,
        u1_0.gender,
        u1_0.is_kyc_verified,
        u1_0.last_login,
        u1_0.last_onboarding_update,
        u1_0.last_otp_request,
        u1_0.mobile,
        u1_0.mobile_number,
        u1_0.mobile_verified,
        u1_0.name,
        u1_0.onboarding_completed,
        u1_0.otp_verified,
        u1_0.otp_verified_on,
        u1_0.password_hash,
        u1_0.payment_screenshot_url,
        u1_0.paymentutr,
        u1_0.profile_photo_url,
        u1_0.registration_completed,
        u1_0.registration_stage,
        u1_0.registration_type,
        u1_0.role,
        u1_0.subscription_plan_id,
        u1_0.subscription_status,
        u1_0.updated_at,
        u1_0.verification_status,
        u1_0.verified_on 
    from
        users u1_0 
    where
        u1_0.id=?
{"timestamp":"2026-08-31T02:02:42.152+05:30","level":"DEBUG","thread":"http-nio-8080-exec-1","logger":"org.springframework.jdbc.datasource.DataSourceUtils","message":"Resetting read-only flag of JDBC Connection [HikariProxyConnection@797640368 wrapping com.mysql.cj.jdbc.ConnectionImpl@3275a47f]"}
{"timestamp":"2026-08-31T02:02:42.156+05:30","level":"DEBUG","thread":"http-nio-8080-exec-9","logger":"org.springframework.jdbc.datasource.DataSourceUtils","message":"Resetting read-only flag of JDBC Connection [HikariProxyConnection@820525513 wrapping com.mysql.cj.jdbc.ConnectionImpl@65eaec1e]"}
{"timestamp":"2026-08-31T02:02:42.174+05:30","level":"DEBUG","thread":"http-nio-8080-exec-9","logger":"org.hibernate.SQL","message":"
    select
        op1_0.id,
        op1_0.average_rating,
        op1_0.created_at,
        op1_0.mobile,
        op1_0.name,
        op1_0.preferences,
        op1_0.profile_photo_url,
        op1_0.ratings_count,
        op1_0.updated_at,
        op1_0.user_id,
        op1_0.verification_status,
        op1_0.verified 
    from
        owner_profiles op1_0 
    where
        op1_0.user_id=?"}
Hibernate: 
    select
        op1_0.id,
        op1_0.average_rating,
        op1_0.created_at,
        op1_0.mobile,
        op1_0.name,
        op1_0.preferences,
        op1_0.profile_photo_url,
        op1_0.ratings_count,
        op1_0.updated_at,
        op1_0.user_id,
        op1_0.verification_status,
        op1_0.verified 
    from
        owner_profiles op1_0 
    where
        op1_0.user_id=?
{"timestamp":"2026-08-31T02:02:42.176+05:30","level":"DEBUG","thread":"http-nio-8080-exec-1","logger":"org.hibernate.SQL","message":"
    select
        op1_0.id,
        op1_0.average_rating,
        op1_0.created_at,
        op1_0.mobile,
        op1_0.name,
        op1_0.preferences,
        op1_0.profile_photo_url,
        op1_0.ratings_count,
        op1_0.updated_at,
        op1_0.user_id,
        op1_0.verification_status,
        op1_0.verified 
    from
        owner_profiles op1_0 
    where
        op1_0.user_id=?"}
Hibernate: 
    select
        op1_0.id,
        op1_0.average_rating,
        op1_0.created_at,
        op1_0.mobile,
        op1_0.name,
        op1_0.preferences,
        op1_0.profile_photo_url,
        op1_0.ratings_count,
        op1_0.updated_at,
        op1_0.user_id,
        op1_0.verification_status,
        op1_0.verified 
    from
        owner_profiles op1_0 
    where
        op1_0.user_id=?
{"timestamp":"2026-08-31T02:02:42.190+05:30","level":"DEBUG","thread":"http-nio-8080-exec-9","logger":"org.hibernate.SQL","message":"
    select
        u1_0.id,
        u1_0.active,
        u1_0.age,
        u1_0.created_at,
        u1_0.current_onboarding_step,
        u1_0.date_of_birth,
        u1_0.didit_last_checked_at,
        u1_0.didit_session_id,
        u1_0.didit_status,
        u1_0.didit_verification_id,
        u1_0.failed_otp_attempts,
        u1_0.firebase_uid,
        u1_0.full_name,
        u1_0.gender,
        u1_0.is_kyc_verified,
        u1_0.last_login,
        u1_0.last_onboarding_update,
        u1_0.last_otp_request,
        u1_0.mobile,
        u1_0.mobile_number,
        u1_0.mobile_verified,
        u1_0.name,
        u1_0.onboarding_completed,
        u1_0.otp_verified,
        u1_0.otp_verified_on,
        u1_0.password_hash,
        u1_0.payment_screenshot_url,
        u1_0.paymentutr,
        u1_0.profile_photo_url,
        u1_0.registration_completed,
        u1_0.registration_stage,
        u1_0.registration_type,
        u1_0.role,
        u1_0.subscription_plan_id,
        u1_0.subscription_status,
        u1_0.updated_at,
        u1_0.verification_status,
        u1_0.verified_on 
    from
        users u1_0 
    where
        u1_0.id=?"}
Hibernate: 
    select
        u1_0.id,
        u1_0.active,
        u1_0.age,
        u1_0.created_at,
        u1_0.current_onboarding_step,
        u1_0.date_of_birth,
        u1_0.didit_last_checked_at,
        u1_0.didit_session_id,
        u1_0.didit_status,
        u1_0.didit_verification_id,
        u1_0.failed_otp_attempts,
        u1_0.firebase_uid,
        u1_0.full_name,
        u1_0.gender,
        u1_0.is_kyc_verified,
        u1_0.last_login,
        u1_0.last_onboarding_update,
        u1_0.last_otp_request,
        u1_0.mobile,
        u1_0.mobile_number,
        u1_0.mobile_verified,
        u1_0.name,
        u1_0.onboarding_completed,
        u1_0.otp_verified,
        u1_0.otp_verified_on,
        u1_0.password_hash,
        u1_0.payment_screenshot_url,
        u1_0.paymentutr,
        u1_0.profile_photo_url,
        u1_0.registration_completed,
        u1_0.registration_stage,
        u1_0.registration_type,
        u1_0.role,
        u1_0.subscription_plan_id,
        u1_0.subscription_status,
        u1_0.updated_at,
        u1_0.verification_status,
        u1_0.verified_on 
    from
        users u1_0 
    where
        u1_0.id=?
{"timestamp":"2026-08-31T02:02:42.205+05:30","level":"DEBUG","thread":"http-nio-8080-exec-1","logger":"org.hibernate.SQL","message":"
    select
        u1_0.id,
        u1_0.active,
        u1_0.age,
        u1_0.created_at,
        u1_0.current_onboarding_step,
        u1_0.date_of_birth,
        u1_0.didit_last_checked_at,
        u1_0.didit_session_id,
        u1_0.didit_status,
        u1_0.didit_verification_id,
        u1_0.failed_otp_attempts,
        u1_0.firebase_uid,
        u1_0.full_name,
        u1_0.gender,
        u1_0.is_kyc_verified,
        u1_0.last_login,
        u1_0.last_onboarding_update,
        u1_0.last_otp_request,
        u1_0.mobile,
        u1_0.mobile_number,
        u1_0.mobile_verified,
        u1_0.name,
        u1_0.onboarding_completed,
        u1_0.otp_verified,
        u1_0.otp_verified_on,
        u1_0.password_hash,
        u1_0.payment_screenshot_url,
        u1_0.paymentutr,
        u1_0.profile_photo_url,
        u1_0.registration_completed,
        u1_0.registration_stage,
        u1_0.registration_type,
        u1_0.role,
        u1_0.subscription_plan_id,
        u1_0.subscription_status,
        u1_0.updated_at,
        u1_0.verification_status,
        u1_0.verified_on 
    from
        users u1_0 
    where
        u1_0.id=?"}
Hibernate: 
    select
        u1_0.id,
        u1_0.active,
        u1_0.age,
        u1_0.created_at,
        u1_0.current_onboarding_step,
        u1_0.date_of_birth,
        u1_0.didit_last_checked_at,
        u1_0.didit_session_id,
        u1_0.didit_status,
        u1_0.didit_verification_id,
        u1_0.failed_otp_attempts,
        u1_0.firebase_uid,
        u1_0.full_name,
        u1_0.gender,
        u1_0.is_kyc_verified,
        u1_0.last_login,
        u1_0.last_onboarding_update,
        u1_0.last_otp_request,
        u1_0.mobile,
        u1_0.mobile_number,
        u1_0.mobile_verified,
        u1_0.name,
        u1_0.onboarding_completed,
        u1_0.otp_verified,
        u1_0.otp_verified_on,
        u1_0.password_hash,
        u1_0.payment_screenshot_url,
        u1_0.paymentutr,
        u1_0.profile_photo_url,
        u1_0.registration_completed,
        u1_0.registration_stage,
        u1_0.registration_type,
        u1_0.role,
        u1_0.subscription_plan_id,
        u1_0.subscription_status,
        u1_0.updated_at,
        u1_0.verification_status,
        u1_0.verified_on 
    from
        users u1_0 
    where
        u1_0.id=?
{"timestamp":"2026-08-31T02:02:42.236+05:30","level":"DEBUG","thread":"http-nio-8080-exec-9","logger":"org.hibernate.SQL","message":"
    select
        sp1_0.id,
        sp1_0.active,
        sp1_0.amount_paise,
        sp1_0.code,
        sp1_0.created_at,
        sp1_0.currency,
        sp1_0.description,
        sp1_0.duration_months,
        sp1_0.name,
        sp1_0.updated_at 
    from
        subscription_plans sp1_0 
    where
        sp1_0.active 
    order by
        sp1_0.created_at"}
Hibernate: 
    select
        sp1_0.id,
        sp1_0.active,
        sp1_0.amount_paise,
        sp1_0.code,
        sp1_0.created_at,
        sp1_0.currency,
        sp1_0.description,
        sp1_0.duration_months,
        sp1_0.name,
        sp1_0.updated_at 
    from
        subscription_plans sp1_0 
    where
        sp1_0.active 
    order by
        sp1_0.created_at
{"timestamp":"2026-08-31T02:02:42.242+05:30","level":"DEBUG","thread":"http-nio-8080-exec-1","logger":"org.hibernate.SQL","message":"
    select
        s1_0.id,
        s1_0.amount,
        s1_0.created_at,
        s1_0.currency,
        s1_0.expires_at,
        s1_0.owner_id,
        o1_0.id,
        o1_0.average_rating,
        o1_0.created_at,
        o1_0.mobile,
        o1_0.name,
        o1_0.preferences,
        o1_0.profile_photo_url,
        o1_0.ratings_count,
        o1_0.updated_at,
        o1_0.user_id,
        u1_0.id,
        u1_0.active,
        u1_0.age,
        u1_0.created_at,
        u1_0.current_onboarding_step,
        u1_0.date_of_birth,
        u1_0.didit_last_checked_at,
        u1_0.didit_session_id,
        u1_0.didit_status,
        u1_0.didit_verification_id,
        u1_0.failed_otp_attempts,
        u1_0.firebase_uid,
        u1_0.full_name,
        u1_0.gender,
        u1_0.is_kyc_verified,
        u1_0.last_login,
        u1_0.last_onboarding_update,
        u1_0.last_otp_request,
        u1_0.mobile,
        u1_0.mobile_number,
        u1_0.mobile_verified,
        u1_0.name,
        u1_0.onboarding_completed,
        u1_0.otp_verified,
        u1_0.otp_verified_on,
        u1_0.password_hash,
        u1_0.payment_screenshot_url,
        u1_0.paymentutr,
        u1_0.profile_photo_url,
        u1_0.registration_completed,
        u1_0.registration_stage,
        u1_0.registration_type,
        u1_0.role,
        u1_0.subscription_plan_id,
        u1_0.subscription_status,
        u1_0.updated_at,
        u1_0.verification_status,
        u1_0.verified_on,
        o1_0.verification_status,
        o1_0.verified,
        s1_0.payment_date,
        s1_0.plan_id,
        p1_0.id,
        p1_0.active,
        p1_0.amount_paise,
        p1_0.code,
        p1_0.created_at,
        p1_0.currency,
        p1_0.description,
        p1_0.duration_months,
        p1_0.name,
        p1_0.updated_at,
        s1_0.provider,
        s1_0.provider_payment_id,
        s1_0.rejection_comment,
        s1_0.reviewed_at,
        s1_0.starts_at,
        s1_0.status,
        s1_0.updated_at,
        s1_0.utr_number 
    from
        subscriptions s1_0 
    join
        owner_profiles o1_0 
            on o1_0.id=s1_0.owner_id 
    join
        users u1_0 
            on u1_0.id=o1_0.user_id 
    join
        subscription_plans p1_0 
            on p1_0.id=s1_0.plan_id"}
Hibernate: 
    select
        s1_0.id,
        s1_0.amount,
        s1_0.created_at,
        s1_0.currency,
        s1_0.expires_at,
        s1_0.owner_id,
        o1_0.id,
        o1_0.average_rating,
        o1_0.created_at,
        o1_0.mobile,
        o1_0.name,
        o1_0.preferences,
        o1_0.profile_photo_url,
        o1_0.ratings_count,
        o1_0.updated_at,
        o1_0.user_id,
        u1_0.id,
        u1_0.active,
        u1_0.age,
        u1_0.created_at,
        u1_0.current_onboarding_step,
        u1_0.date_of_birth,
        u1_0.didit_last_checked_at,
        u1_0.didit_session_id,
        u1_0.didit_status,
        u1_0.didit_verification_id,
        u1_0.failed_otp_attempts,
        u1_0.firebase_uid,
        u1_0.full_name,
        u1_0.gender,
        u1_0.is_kyc_verified,
        u1_0.last_login,
        u1_0.last_onboarding_update,
        u1_0.last_otp_request,
        u1_0.mobile,
        u1_0.mobile_number,
        u1_0.mobile_verified,
        u1_0.name,
        u1_0.onboarding_completed,
        u1_0.otp_verified,
        u1_0.otp_verified_on,
        u1_0.password_hash,
        u1_0.payment_screenshot_url,
        u1_0.paymentutr,
        u1_0.profile_photo_url,
        u1_0.registration_completed,
        u1_0.registration_stage,
        u1_0.registration_type,
        u1_0.role,
        u1_0.subscription_plan_id,
        u1_0.subscription_status,
        u1_0.updated_at,
        u1_0.verification_status,
        u1_0.verified_on,
        o1_0.verification_status,
        o1_0.verified,
        s1_0.payment_date,
        s1_0.plan_id,
        p1_0.id,
        p1_0.active,
        p1_0.amount_paise,
        p1_0.code,
        p1_0.created_at,
        p1_0.currency,
        p1_0.description,
        p1_0.duration_months,
        p1_0.name,
        p1_0.updated_at,
        s1_0.provider,
        s1_0.provider_payment_id,
        s1_0.rejection_comment,
        s1_0.reviewed_at,
        s1_0.starts_at,
        s1_0.status,
        s1_0.updated_at,
        s1_0.utr_number 
    from
        subscriptions s1_0 
    join
        owner_profiles o1_0 
            on o1_0.id=s1_0.owner_id 
    join
        users u1_0 
            on u1_0.id=o1_0.user_id 
    join
        subscription_plans p1_0 
            on p1_0.id=s1_0.plan_id
{"timestamp":"2026-08-31T02:02:42.292+05:30","level":"DEBUG","thread":"http-nio-8080-exec-1","logger":"org.hibernate.SQL","message":"
    select
        s1_0.id,
        s1_0.amount,
        s1_0.created_at,
        s1_0.currency,
        s1_0.expires_at,
        s1_0.owner_id,
        s1_0.payment_date,
        s1_0.plan_id,
        s1_0.provider,
        s1_0.provider_payment_id,
        s1_0.rejection_comment,
        s1_0.reviewed_at,
        s1_0.starts_at,
        s1_0.status,
        s1_0.updated_at,
        s1_0.utr_number 
    from
        subscriptions s1_0 
    where
        s1_0.owner_id=? 
    order by
        s1_0.created_at desc"}
Hibernate: 
    select
        s1_0.id,
        s1_0.amount,
        s1_0.created_at,
        s1_0.currency,
        s1_0.expires_at,
        s1_0.owner_id,
        s1_0.payment_date,
        s1_0.plan_id,
        s1_0.provider,
        s1_0.provider_payment_id,
        s1_0.rejection_comment,
        s1_0.reviewed_at,
        s1_0.starts_at,
        s1_0.status,
        s1_0.updated_at,
        s1_0.utr_number 
    from
        subscriptions s1_0 
    where
        s1_0.owner_id=? 
    order by
        s1_0.created_at desc
{"timestamp":"2026-08-31T02:02:42.303+05:30","level":"DEBUG","thread":"http-nio-8080-exec-1","logger":"org.hibernate.SQL","message":"
    select
        op1_0.id,
        op1_0.average_rating,
        op1_0.created_at,
        op1_0.mobile,
        op1_0.name,
        op1_0.preferences,
        op1_0.profile_photo_url,
        op1_0.ratings_count,
        op1_0.updated_at,
        op1_0.user_id,
        u1_0.id,
        u1_0.active,
        u1_0.age,
        u1_0.created_at,
        u1_0.current_onboarding_step,
        u1_0.date_of_birth,
        u1_0.didit_last_checked_at,
        u1_0.didit_session_id,
        u1_0.didit_status,
        u1_0.didit_verification_id,
        u1_0.failed_otp_attempts,
        u1_0.firebase_uid,
        u1_0.full_name,
        u1_0.gender,
        u1_0.is_kyc_verified,
        u1_0.last_login,
        u1_0.last_onboarding_update,
        u1_0.last_otp_request,
        u1_0.mobile,
        u1_0.mobile_number,
        u1_0.mobile_verified,
        u1_0.name,
        u1_0.onboarding_completed,
        u1_0.otp_verified,
        u1_0.otp_verified_on,
        u1_0.password_hash,
        u1_0.payment_screenshot_url,
        u1_0.paymentutr,
        u1_0.profile_photo_url,
        u1_0.registration_completed,
        u1_0.registration_stage,
        u1_0.registration_type,
        u1_0.role,
        u1_0.subscription_plan_id,
        u1_0.subscription_status,
        u1_0.updated_at,
        u1_0.verification_status,
        u1_0.verified_on,
        op1_0.verification_status,
        op1_0.verified 
    from
        owner_profiles op1_0 
    join
        users u1_0 
            on u1_0.id=op1_0.user_id 
    where
        op1_0.id=?"}
Hibernate: 
    select
        op1_0.id,
        op1_0.average_rating,
        op1_0.created_at,
        op1_0.mobile,
        op1_0.name,
        op1_0.preferences,
        op1_0.profile_photo_url,
        op1_0.ratings_count,
        op1_0.updated_at,
        op1_0.user_id,
        u1_0.id,
        u1_0.active,
        u1_0.age,
        u1_0.created_at,
        u1_0.current_onboarding_step,
        u1_0.date_of_birth,
        u1_0.didit_last_checked_at,
        u1_0.didit_session_id,
        u1_0.didit_status,
        u1_0.didit_verification_id,
        u1_0.failed_otp_attempts,
        u1_0.firebase_uid,
        u1_0.full_name,
        u1_0.gender,
        u1_0.is_kyc_verified,
        u1_0.last_login,
        u1_0.last_onboarding_update,
        u1_0.last_otp_request,
        u1_0.mobile,
        u1_0.mobile_number,
        u1_0.mobile_verified,
        u1_0.name,
        u1_0.onboarding_completed,
        u1_0.otp_verified,
        u1_0.otp_verified_on,
        u1_0.password_hash,
        u1_0.payment_screenshot_url,
        u1_0.paymentutr,
        u1_0.profile_photo_url,
        u1_0.registration_completed,
        u1_0.registration_stage,
        u1_0.registration_type,
        u1_0.role,
        u1_0.subscription_plan_id,
        u1_0.subscription_status,
        u1_0.updated_at,
        u1_0.verification_status,
        u1_0.verified_on,
        op1_0.verification_status,
        op1_0.verified 
    from
        owner_profiles op1_0 
    join
        users u1_0 
            on u1_0.id=op1_0.user_id 
    where
        op1_0.id=?
{"timestamp":"2026-08-31T02:02:42.315+05:30","level":"DEBUG","thread":"http-nio-8080-exec-1","logger":"org.hibernate.SQL","message":"
    select
        sp1_0.id,
        sp1_0.active,
        sp1_0.amount_paise,
        sp1_0.code,
        sp1_0.created_at,
        sp1_0.currency,
        sp1_0.description,
        sp1_0.duration_months,
        sp1_0.name,
        sp1_0.updated_at 
    from
        subscription_plans sp1_0 
    where
        sp1_0.id=?"}
Hibernate: 
    select
        sp1_0.id,
        sp1_0.active,
        sp1_0.amount_paise,
        sp1_0.code,
        sp1_0.created_at,
        sp1_0.currency,
        sp1_0.description,
        sp1_0.duration_months,
        sp1_0.name,
        sp1_0.updated_at 
    from
        subscription_plans sp1_0 
    where
        sp1_0.id=?
{"timestamp":"2026-08-31T02:02:43.759+05:30","level":"DEBUG","thread":"HikariPool-1 housekeeper","logger":"com.zaxxer.hikari.pool.HikariPool","message":"HikariPool-1 - Pool stats (total=10, active=0, idle=10, waiting=0)"}
{"timestamp":"2026-08-31T02:02:43.781+05:30","level":"DEBUG","thread":"HikariPool-1 housekeeper","logger":"com.zaxxer.hikari.pool.HikariPool","message":"HikariPool-1 - Fill pool skipped, pool has sufficient level or currently being filled."}
{"timestamp":"2026-08-31T02:02:55.351+05:30","level":"DEBUG","thread":"http-nio-8080-exec-4","logger":"org.springframework.jdbc.datasource.DataSourceUtils","message":"Setting JDBC Connection [HikariProxyConnection@2032314148 wrapping com.mysql.cj.jdbc.ConnectionImpl@65eaec1e] read-only"}
{"timestamp":"2026-08-31T02:02:55.374+05:30","level":"DEBUG","thread":"http-nio-8080-exec-4","logger":"org.hibernate.SQL","message":"
    select
        u1_0.id,
        u1_0.active,
        u1_0.age,
        u1_0.created_at,
        u1_0.current_onboarding_step,
        u1_0.date_of_birth,
        u1_0.didit_last_checked_at,
        u1_0.didit_session_id,
        u1_0.didit_status,
        u1_0.didit_verification_id,
        u1_0.failed_otp_attempts,
        u1_0.firebase_uid,
        u1_0.full_name,
        u1_0.gender,
        u1_0.is_kyc_verified,
        u1_0.last_login,
        u1_0.last_onboarding_update,
        u1_0.last_otp_request,
        u1_0.mobile,
        u1_0.mobile_number,
        u1_0.mobile_verified,
        u1_0.name,
        u1_0.onboarding_completed,
        u1_0.otp_verified,
        u1_0.otp_verified_on,
        u1_0.password_hash,
        u1_0.payment_screenshot_url,
        u1_0.paymentutr,
        u1_0.profile_photo_url,
        u1_0.registration_completed,
        u1_0.registration_stage,
        u1_0.registration_type,
        u1_0.role,
        u1_0.subscription_plan_id,
        u1_0.subscription_status,
        u1_0.updated_at,
        u1_0.verification_status,
        u1_0.verified_on 
    from
        users u1_0 
    where
        u1_0.id=?"}
Hibernate: 
    select
        u1_0.id,
        u1_0.active,
        u1_0.age,
        u1_0.created_at,
        u1_0.current_onboarding_step,
        u1_0.date_of_birth,
        u1_0.didit_last_checked_at,
        u1_0.didit_session_id,
        u1_0.didit_status,
        u1_0.didit_verification_id,
        u1_0.failed_otp_attempts,
        u1_0.firebase_uid,
        u1_0.full_name,
        u1_0.gender,
        u1_0.is_kyc_verified,
        u1_0.last_login,
        u1_0.last_onboarding_update,
        u1_0.last_otp_request,
        u1_0.mobile,
        u1_0.mobile_number,
        u1_0.mobile_verified,
        u1_0.name,
        u1_0.onboarding_completed,
        u1_0.otp_verified,
        u1_0.otp_verified_on,
        u1_0.password_hash,
        u1_0.payment_screenshot_url,
        u1_0.paymentutr,
        u1_0.profile_photo_url,
        u1_0.registration_completed,
        u1_0.registration_stage,
        u1_0.registration_type,
        u1_0.role,
        u1_0.subscription_plan_id,
        u1_0.subscription_status,
        u1_0.updated_at,
        u1_0.verification_status,
        u1_0.verified_on 
    from
        users u1_0 
    where
        u1_0.id=?
{"timestamp":"2026-08-31T02:02:55.382+05:30","level":"DEBUG","thread":"http-nio-8080-exec-4","logger":"org.springframework.jdbc.datasource.DataSourceUtils","message":"Resetting read-only flag of JDBC Connection [HikariProxyConnection@2032314148 wrapping com.mysql.cj.jdbc.ConnectionImpl@65eaec1e]"}
{"timestamp":"2026-08-31T02:02:55.391+05:30","level":"DEBUG","thread":"http-nio-8080-exec-4","logger":"org.hibernate.SQL","message":"
    select
        op1_0.id,
        op1_0.average_rating,
        op1_0.created_at,
        op1_0.mobile,
        op1_0.name,
        op1_0.preferences,
        op1_0.profile_photo_url,
        op1_0.ratings_count,
        op1_0.updated_at,
        op1_0.user_id,
        op1_0.verification_status,
        op1_0.verified 
    from
        owner_profiles op1_0 
    where
        op1_0.user_id=?"}
Hibernate: 
    select
        op1_0.id,
        op1_0.average_rating,
        op1_0.created_at,
        op1_0.mobile,
        op1_0.name,
        op1_0.preferences,
        op1_0.profile_photo_url,
        op1_0.ratings_count,
        op1_0.updated_at,
        op1_0.user_id,
        op1_0.verification_status,
        op1_0.verified 
    from
        owner_profiles op1_0 
    where
        op1_0.user_id=?
{"timestamp":"2026-08-31T02:02:55.400+05:30","level":"DEBUG","thread":"http-nio-8080-exec-4","logger":"org.hibernate.SQL","message":"
    select
        u1_0.id,
        u1_0.active,
        u1_0.age,
        u1_0.created_at,
        u1_0.current_onboarding_step,
        u1_0.date_of_birth,
        u1_0.didit_last_checked_at,
        u1_0.didit_session_id,
        u1_0.didit_status,
        u1_0.didit_verification_id,
        u1_0.failed_otp_attempts,
        u1_0.firebase_uid,
        u1_0.full_name,
        u1_0.gender,
        u1_0.is_kyc_verified,
        u1_0.last_login,
        u1_0.last_onboarding_update,
        u1_0.last_otp_request,
        u1_0.mobile,
        u1_0.mobile_number,
        u1_0.mobile_verified,
        u1_0.name,
        u1_0.onboarding_completed,
        u1_0.otp_verified,
        u1_0.otp_verified_on,
        u1_0.password_hash,
        u1_0.payment_screenshot_url,
        u1_0.paymentutr,
        u1_0.profile_photo_url,
        u1_0.registration_completed,
        u1_0.registration_stage,
        u1_0.registration_type,
        u1_0.role,
        u1_0.subscription_plan_id,
        u1_0.subscription_status,
        u1_0.updated_at,
        u1_0.verification_status,
        u1_0.verified_on 
    from
        users u1_0 
    where
        u1_0.id=?"}
Hibernate: 
    select
        u1_0.id,
        u1_0.active,
        u1_0.age,
        u1_0.created_at,
        u1_0.current_onboarding_step,
        u1_0.date_of_birth,
        u1_0.didit_last_checked_at,
        u1_0.didit_session_id,
        u1_0.didit_status,
        u1_0.didit_verification_id,
        u1_0.failed_otp_attempts,
        u1_0.firebase_uid,
        u1_0.full_name,
        u1_0.gender,
        u1_0.is_kyc_verified,
        u1_0.last_login,
        u1_0.last_onboarding_update,
        u1_0.last_otp_request,
        u1_0.mobile,
        u1_0.mobile_number,
        u1_0.mobile_verified,
        u1_0.name,
        u1_0.onboarding_completed,
        u1_0.otp_verified,
        u1_0.otp_verified_on,
        u1_0.password_hash,
        u1_0.payment_screenshot_url,
        u1_0.paymentutr,
        u1_0.profile_photo_url,
        u1_0.registration_completed,
        u1_0.registration_stage,
        u1_0.registration_type,
        u1_0.role,
        u1_0.subscription_plan_id,
        u1_0.subscription_status,
        u1_0.updated_at,
        u1_0.verification_status,
        u1_0.verified_on 
    from
        users u1_0 
    where
        u1_0.id=?
{"timestamp":"2026-08-31T02:02:55.416+05:30","level":"DEBUG","thread":"http-nio-8080-exec-4","logger":"org.hibernate.SQL","message":"
    select
        n1_0.id,
        n1_0.body,
        n1_0.created_at,
        n1_0.is_read,
        n1_0.route,
        n1_0.title,
        n1_0.type,
        n1_0.updated_at,
        n1_0.user_id 
    from
        notifications n1_0 
    where
        n1_0.user_id=? 
    order by
        n1_0.created_at desc"}
Hibernate: 
    select
        n1_0.id,
        n1_0.body,
        n1_0.created_at,
        n1_0.is_read,
        n1_0.route,
        n1_0.title,
        n1_0.type,
        n1_0.updated_at,
        n1_0.user_id 
    from
        notifications n1_0 
    where
        n1_0.user_id=? 
    order by
        n1_0.created_at desc
{"timestamp":"2026-08-31T02:02:55.416+05:30","level":"DEBUG","thread":"http-nio-8080-exec-4","logger":"org.hibernate.SQL","message":"
    select
        u1_0.id,
        u1_0.active,
        u1_0.age,
        u1_0.created_at,
        u1_0.current_onboarding_step,
        u1_0.date_of_birth,
        u1_0.didit_last_checked_at,
        u1_0.didit_session_id,
        u1_0.didit_status,
        u1_0.didit_verification_id,
        u1_0.failed_otp_attempts,
        u1_0.firebase_uid,
        u1_0.full_name,
        u1_0.gender,
        u1_0.is_kyc_verified,
        u1_0.last_login,
        u1_0.last_onboarding_update,
        u1_0.last_otp_request,
        u1_0.mobile,
        u1_0.mobile_number,
        u1_0.mobile_verified,
        u1_0.name,
        u1_0.onboarding_completed,
        u1_0.otp_verified,
        u1_0.otp_verified_on,
        u1_0.password_hash,
        u1_0.payment_screenshot_url,
        u1_0.paymentutr,
        u1_0.profile_photo_url,
        u1_0.registration_completed,
        u1_0.registration_stage,
        u1_0.registration_type,
        u1_0.role,
        u1_0.subscription_plan_id,
        u1_0.subscription_status,
        u1_0.updated_at,
        u1_0.verification_status,
        u1_0.verified_on 
    from
        users u1_0 
    where
        u1_0.id=?"}
Hibernate: 
    select
        u1_0.id,
        u1_0.active,
        u1_0.age,
        u1_0.created_at,
        u1_0.current_onboarding_step,
        u1_0.date_of_birth,
        u1_0.didit_last_checked_at,
        u1_0.didit_session_id,
        u1_0.didit_status,
        u1_0.didit_verification_id,
        u1_0.failed_otp_attempts,
        u1_0.firebase_uid,
        u1_0.full_name,
        u1_0.gender,
        u1_0.is_kyc_verified,
        u1_0.last_login,
        u1_0.last_onboarding_update,
        u1_0.last_otp_request,
        u1_0.mobile,
        u1_0.mobile_number,
        u1_0.mobile_verified,
        u1_0.name,
        u1_0.onboarding_completed,
        u1_0.otp_verified,
        u1_0.otp_verified_on,
        u1_0.password_hash,
        u1_0.payment_screenshot_url,
        u1_0.paymentutr,
        u1_0.profile_photo_url,
        u1_0.registration_completed,
        u1_0.registration_stage,
        u1_0.registration_type,
        u1_0.role,
        u1_0.subscription_plan_id,
        u1_0.subscription_status,
        u1_0.updated_at,
        u1_0.verification_status,
        u1_0.verified_on 
    from
        users u1_0 
    where
        u1_0.id=?
[INFO] ------------------------------------------------------------------------
[INFO] BUILD FAILURE
[INFO] ------------------------------------------------------------------------
[INFO] Total time:  01:45 min
[INFO] Finished at: 2026-08-31T02:02:58+05:30
[INFO] ------------------------------------------------------------------------
[ERROR] Failed to execute goal org.springframework.boot:spring-boot-maven-plugin:3.3.4:run (default-cli) on project backend: Process terminated with exit code: 1 -> [Help 1]
[ERROR] 
[ERROR] To see the full stack trace of the errors, re-run Maven with the -e switch.
[ERROR] Re-run Maven using the -X switch to enable full debug logging.
[ERROR] 
[ERROR] For more information about the errors and possible solutions, please read the following articles:
[ERROR] [Help 1] http://cwiki.apache.org/confluence/display/MAVEN/MojoExecutionException
